sender,recipients,timestamp,thread_id,email_id_in_thread,num_recipients
285,0,2015-04-07 10:31:00+00:00,150,2,1
441,0,2017-04-27 08:24:00+00:00,278,2,1
362,0,2017-10-24 10:12:00+00:00,222,2,1
35,0,2018-09-04 03:15:00+00:00,196,1,1
142,143,2019-08-15 11:21:00+00:00,76,2,1
314,316,2019-12-19 16:24:00+00:00,193,7,1
314,315,2020-01-16 06:24:00+00:00,193,6,1
314,315,2020-01-17 03:02:00+00:00,193,5,1
314,315,2020-01-23 04:09:00+00:00,193,4,1
4,458,2020-01-23 08:57:00+00:00,302,11,1
458,4,2020-01-23 09:10:00+00:00,302,10,1
4,458,2020-01-23 09:18:00+00:00,302,9,1
458,4,2020-01-23 09:23:00+00:00,302,8,1
4,458,2020-01-23 10:00:00+00:00,302,7,1
458,4,2020-01-23 10:02:00+00:00,302,6,1
4,458,2020-01-23 10:16:00+00:00,302,5,1
458,4,2020-01-23 10:22:00+00:00,302,4,1
1151,0,2020-01-25 09:35:00+00:00,1112,2,1
0,1151,2020-01-26 07:16:00+00:00,1112,1,1
1299,1198,2020-01-26 08:59:00+00:00,1274,4,1
1299,1198,2020-01-26 09:10:00+00:00,1274,3,1
849,0,2020-01-27 04:00:00+00:00,711,5,1
1254,4,2020-01-27 04:25:00+00:00,1226,8,1
314,315,2020-01-28 04:32:00+00:00,193,3,1
314,315,2020-01-28 04:39:00+00:00,193,2,1
1295,1298,2020-01-28 05:53:00+00:00,1272,6,1
21,638,2020-01-28 06:25:00+00:00,1198,6,1
1299,1198,2020-01-28 06:36:00+00:00,1274,2,1
1295,1298,2020-01-28 07:18:00+00:00,1272,5,1
638,21;136,2020-01-29 02:34:00+00:00,1198,4,2
136,21,2020-01-29 05:23:00+00:00,1198,5,1
1279,0,2020-01-30 03:33:00+00:00,1256,1,1
1298,1295,2020-01-30 06:02:00+00:00,1272,4,1
1295,332;1296,2020-01-30 06:16:00+00:00,1272,3,2
1284,0,2020-01-31 01:03:00+00:00,1259,1,1
375,0,2020-01-31 02:00:00+00:00,1102,3,1
375,0,2020-01-31 02:00:00+00:00,1199,2,1
375,0,2020-01-31 02:00:00+00:00,1261,1,1
1280,0,2020-01-31 02:06:00+00:00,1257,1,1
1285,0,2020-01-31 02:09:00+00:00,1260,1,1
1256,0,2020-01-31 02:20:00+00:00,1230,1,1
398,0,2020-01-31 04:54:00+00:00,1262,1,1
1290,0,2020-01-31 05:11:00+00:00,1269,1,1
1271,78,2020-01-31 05:27:00+00:00,1248,4,1
340,4;79;341;344;583,2020-01-31 05:31:46+00:00,1181,7,5
340,4;79;341;344;583,2020-01-31 05:31:46+00:00,1187,7,5
1254,4,2020-01-31 05:33:00+00:00,1226,7,1
1206,4;79;340;341;344;583,2020-01-31 06:34:00+00:00,1181,6,6
1206,4;79;340;341;344;583,2020-01-31 06:34:00+00:00,1187,6,6
583,4;79;340;341;344;1206,2020-01-31 06:36:00+00:00,1181,5,6
583,4;79;340;341;344;1206,2020-01-31 06:36:00+00:00,1187,5,6
1292,0,2020-01-31 06:39:00+00:00,1270,1,1
1278,0,2020-01-31 06:57:00+00:00,1254,2,1
4,0,2020-01-31 07:53:00+00:00,1271,1,1
147,0,2020-01-31 08:51:00+00:00,1236,1,1
79,0,2020-01-31 09:40:00+00:00,1272,2,1
676,0,2020-01-31 10:05:00+00:00,1241,1,1
35,79,2020-01-31 10:05:00+00:00,1272,1,1
1044,0,2020-01-31 10:32:00+00:00,1273,1,1
1255,0,2020-01-31 11:05:00+00:00,1229,1,1
1281,0;228,2020-01-31 12:39:00+00:00,1258,1,2
47,0;1301,2020-02-01 01:13:00+00:00,1276,1,2
396,4,2020-02-01 01:20:00+00:00,1251,6,1
4,396,2020-02-01 01:26:00+00:00,1251,5,1
396,4,2020-02-01 01:28:00+00:00,1251,4,1
1300,0,2020-02-01 01:28:00+00:00,1275,1,1
78,34;1270,2020-02-01 02:11:00+00:00,1248,3,2
1299,0,2020-02-01 02:22:00+00:00,1274,1,1
0,77,2020-02-01 02:46:21+00:00,1288,0,1
0,240,2020-02-01 02:48:59+00:00,1287,0,1
47,0;136,2020-02-01 02:56:00+00:00,1268,1,2
47,136,2020-02-01 04:00:00+00:00,1266,1,1
219,0;34;79;160,2020-02-01 04:12:00+00:00,1267,1,4
1286,0;1287,2020-02-01 05:33:00+00:00,1265,1,2
314,0,2020-02-01 06:20:00+00:00,1264,1,1
917,0,2020-02-01 07:19:00+00:00,1283,1,1
917,0,2020-02-01 07:19:00+00:00,1284,0,1
4,396,2020-02-01 07:54:00+00:00,1251,3,1
4,0;396,2020-02-01 08:42:00+00:00,1251,2,2
35,8,2020-02-01 09:02:00+00:00,1244,1,1
1302,0,2020-02-01 09:15:00+00:00,1277,1,1
1287,0,2020-02-01 10:27:00+00:00,1278,1,1
396,0,2020-02-01 11:09:00+00:00,1251,8,1
292,0,2020-02-01 11:47:00+00:00,1280,1,1
0,292,2020-02-01 12:29:01+00:00,1286,0,1
0,292,2020-02-01 12:29:36+00:00,1285,0,1
206,205,2020-02-01 12:30:00+00:00,123,4,1
4,396,2020-02-01 12:41:00+00:00,1251,7,1
0,82,2020-02-01 12:43:22+00:00,1283,0,1
0,21,2020-02-01 13:19:06+00:00,1282,0,1
0,33,2020-02-01 17:32:40+00:00,1281,0,1
0,292,2020-02-01 17:51:31+00:00,1280,0,1
0,35,2020-02-01 17:54:38+00:00,1279,0,1
0,33,2020-02-01 17:56:42+00:00,1278,0,1
0,1302,2020-02-01 18:23:07+00:00,1277,0,1
0,21,2020-02-01 18:34:43+00:00,1276,0,1
0,33,2020-02-01 18:35:10+00:00,1275,0,1
0,79,2020-02-01 18:39:50+00:00,1274,0,1
0,1044,2020-02-01 18:43:31+00:00,1273,0,1
0,35,2020-02-01 18:45:22+00:00,1272,0,1
0,4,2020-02-01 18:50:25+00:00,1271,0,1
0,33,2020-02-01 18:55:58+00:00,1270,0,1
0,292,2020-02-01 19:02:40+00:00,1269,0,1
0,47,2020-02-01 20:03:12+00:00,1268,0,1
0,82,2020-02-01 22:00:47+00:00,1267,0,1
0,47;136,2020-02-01 22:06:26+00:00,1266,0,2
0,33,2020-02-01 23:19:46+00:00,1265,0,1
0,314,2020-02-01 23:56:07+00:00,1264,0,1
1268,0,2020-02-02 01:32:00+00:00,1247,1,1
1265,0,2020-02-02 02:00:00+00:00,1242,1,1
344,4;79;340;341;583;1206,2020-02-02 02:39:00+00:00,1181,4,6
344,4;79;340;341;583;1206,2020-02-02 02:39:00+00:00,1187,4,6
0,33,2020-02-02 03:28:01+00:00,1263,0,1
0,398,2020-02-02 03:48:52+00:00,1262,0,1
0,4,2020-02-02 04:01:28+00:00,1261,0,1
0,1285,2020-02-02 04:01:50+00:00,1260,0,1
0,1284,2020-02-02 04:08:13+00:00,1259,0,1
0,33,2020-02-02 04:08:48+00:00,1258,0,1
0,79,2020-02-02 04:21:44+00:00,1257,0,1
1266,0,2020-02-02 04:24:00+00:00,1243,1,1
0,33,2020-02-02 04:24:27+00:00,1256,0,1
34,0,2020-02-02 04:36:00+00:00,1245,1,1
47,1047,2020-02-02 04:48:00+00:00,1250,4,1
1243,0,2020-02-02 05:10:00+00:00,1201,2,1
1243,0,2020-02-02 05:10:00+00:00,1228,1,1
136,0;21,2020-02-02 05:58:00+00:00,1255,1,2
34,344,2020-02-02 06:11:00+00:00,1181,3,1
34,344,2020-02-02 06:11:00+00:00,1187,3,1
47,136,2020-02-02 06:53:00+00:00,1250,3,1
47,136,2020-02-02 07:13:00+00:00,1250,2,1
1278,0,2020-02-02 07:35:00+00:00,1254,1,1
1071,0,2020-02-02 07:37:00+00:00,1239,1,1
1263,0,2020-02-02 09:07:00+00:00,1238,1,1
1259,0,2020-02-02 09:33:00+00:00,1232,2,1
1259,0;292,2020-02-02 09:33:00+00:00,1237,1,2
136,0,2020-02-02 10:11:00+00:00,1253,1,1
1277,0,2020-02-02 10:32:00+00:00,1252,1,1
396,4,2020-02-02 10:33:00+00:00,1251,1,1
34,78;1270,2020-02-02 10:35:00+00:00,1248,2,2
0,21;136;674,2020-02-02 11:26:13+00:00,1255,0,3
1258,1259,2020-02-02 11:28:00+00:00,1232,1,1
47,0;136,2020-02-02 11:28:00+00:00,1250,1,2
1269,0,2020-02-02 11:37:00+00:00,1249,1,1
1267,0,2020-02-02 12:34:00+00:00,1246,1,1
0,1278,2020-02-02 12:35:48+00:00,1254,0,1
79,0,2020-02-02 12:53:00+00:00,1248,1,1
0,136,2020-02-02 15:33:34+00:00,1253,0,1
0,1277,2020-02-02 15:44:24+00:00,1252,0,1
0,4;396,2020-02-02 15:45:28+00:00,1251,0,2
0,136,2020-02-02 16:49:35+00:00,1250,0,1
0,1269,2020-02-02 17:13:03+00:00,1249,0,1
0,79,2020-02-02 18:02:22+00:00,1248,0,1
0,1268,2020-02-02 18:33:43+00:00,1247,0,1
0,33,2020-02-02 19:24:26+00:00,1246,0,1
0,34,2020-02-02 22:36:41+00:00,1245,0,1
0,35,2020-02-02 22:40:07+00:00,1244,0,1
0,33,2020-02-02 22:43:15+00:00,1243,0,1
0,33,2020-02-02 22:56:05+00:00,1242,0,1
0,676,2020-02-02 23:20:17+00:00,1241,0,1
0,8,2020-02-02 23:54:27+00:00,1240,0,1
0,1071,2020-02-03 00:50:43+00:00,1239,0,1
136,21;329;581;638,2020-02-03 01:48:00+00:00,1224,4,4
0,33,2020-02-03 02:10:49+00:00,1238,0,1
0,292,2020-02-03 03:45:59+00:00,1237,0,1
0,147,2020-02-03 03:47:33+00:00,1236,0,1
638,21;136;329;581;674,2020-02-03 04:05:00+00:00,1224,3,5
1260,0,2020-02-03 05:37:00+00:00,1233,1,1
638,136;329;581;674,2020-02-03 06:02:00+00:00,1224,2,4
1252,0,2020-02-03 06:33:00+00:00,1223,1,1
0,1245,2020-02-03 07:04:00+00:00,1218,2,1
136,0,2020-02-03 07:26:00+00:00,1224,1,1
1253,0,2020-02-03 07:37:00+00:00,1225,1,1
334,0,2020-02-03 08:18:00+00:00,1100,1,1
4,1254,2020-02-03 08:40:00+00:00,1226,6,1
550,4,2020-02-03 08:43:00+00:00,1217,4,1
1261,0,2020-02-03 09:13:00+00:00,1234,2,1
1261,0,2020-02-03 09:30:00+00:00,1234,1,1
0,4,2020-02-03 10:45:35+00:00,1235,0,1
1257,0,2020-02-03 11:23:00+00:00,1231,1,1
638,21;136;581;674,2020-02-03 11:33:00+00:00,1224,5,4
4,1254,2020-02-03 11:36:00+00:00,1226,5,1
1254,4,2020-02-03 11:43:00+00:00,1226,4,1
1253,0,2020-02-03 11:47:00+00:00,1227,0,1
4,1254,2020-02-03 11:57:00+00:00,1226,3,1
1254,4,2020-02-03 12:20:00+00:00,1226,2,1
204,205,2020-02-03 12:21:00+00:00,123,3,1
4,0,2020-02-03 12:28:00+00:00,1226,1,1
0,1261,2020-02-03 15:10:32+00:00,1234,0,1
0,34,2020-02-03 15:12:39+00:00,1233,0,1
0,292;1258;1259,2020-02-03 15:17:23+00:00,1232,0,3
0,4,2020-02-03 16:43:08+00:00,1231,0,1
0,1256,2020-02-03 22:21:41+00:00,1230,0,1
0,1255,2020-02-03 22:27:31+00:00,1229,0,1
0,79,2020-02-03 22:28:34+00:00,1228,0,1
0,4,2020-02-04 00:37:32+00:00,1226,0,1
0,1253,2020-02-04 01:08:37+00:00,1225,0,1
0,136,2020-02-04 01:14:05+00:00,1224,0,1
211,0,2020-02-04 01:31:00+00:00,1204,2,1
1195,0,2020-02-04 01:36:00+00:00,1214,1,1
47,0,2020-02-04 02:01:00+00:00,1174,5,1
1246,0,2020-02-04 02:42:00+00:00,1206,1,1
0,1252,2020-02-04 03:02:57+00:00,1223,0,1
434,0,2020-02-04 03:35:00+00:00,1193,1,1
434,0,2020-02-04 03:35:00+00:00,1194,1,1
434,0,2020-02-04 03:35:00+00:00,1210,2,1
434,0,2020-02-04 03:35:00+00:00,1213,0,1
1248,0,2020-02-04 03:55:00+00:00,1212,1,1
34,0,2020-02-04 04:11:00+00:00,1201,1,1
80,0,2020-02-04 04:31:00+00:00,1210,1,1
638,21;136;329;581;674,2020-02-04 04:46:00+00:00,1198,3,5
1165,0,2020-02-04 05:15:00+00:00,1126,10,1
1165,0,2020-02-04 05:15:00+00:00,1222,1,1
1244,0,2020-02-04 06:05:00+00:00,1203,1,1
1251,0,2020-02-04 06:06:00+00:00,1219,1,1
47,136,2020-02-04 06:08:00+00:00,1174,4,1
136,47,2020-02-04 06:12:00+00:00,1174,3,1
4,8,2020-02-04 06:35:00+00:00,1217,3,1
0,4;8,2020-02-04 06:42:00+00:00,1217,2,2
877,1249;1250,2020-02-04 07:23:00+00:00,1216,2,2
638,21;136;329;581;674,2020-02-04 08:31:00+00:00,1198,2,5
1245,0,2020-02-04 08:32:00+00:00,1218,1,1
79,0;4,2020-02-04 08:42:00+00:00,1217,1,2
877,0,2020-02-04 09:19:00+00:00,1216,1,1
211,0,2020-02-04 09:37:00+00:00,1204,1,1
1245,0,2020-02-04 10:24:00+00:00,1205,1,1
4,0,2020-02-04 11:21:00+00:00,1199,1,1
0,4,2020-02-04 11:43:36+00:00,1222,0,1
35,0,2020-02-04 12:12:00+00:00,1207,1,1
1242,0,2020-02-04 12:23:00+00:00,1200,1,1
434,0,2020-02-04 12:31:00+00:00,1193,2,1
434,0,2020-02-04 12:31:00+00:00,1194,2,1
434,0,2020-02-04 12:31:00+00:00,1209,0,1
434,0,2020-02-04 12:31:00+00:00,1210,3,1
434,0,2020-02-04 12:31:00+00:00,1213,1,1
0,136,2020-02-04 12:36:50+00:00,1221,0,1
1241,0,2020-02-04 12:48:00+00:00,1197,1,1
0,33,2020-02-04 13:05:59+00:00,1220,0,1
0,4,2020-02-04 13:07:15+00:00,1219,0,1
0,1245,2020-02-04 13:58:53+00:00,1218,0,1
0,4;79,2020-02-04 14:09:40+00:00,1217,0,2
0,35;82,2020-02-04 14:32:42+00:00,1216,0,2
0,77;78;208,2020-02-04 15:03:33+00:00,1215,0,3
0,33,2020-02-04 19:36:10+00:00,1214,0,1
0,4,2020-02-04 21:01:39+00:00,1212,0,1
0,1247,2020-02-04 21:28:48+00:00,1211,0,1
0,80,2020-02-04 22:59:29+00:00,1210,0,1
0,434,2020-02-05 00:05:35+00:00,1208,0,1
0,277,2020-02-05 00:31:31+00:00,1207,0,1
0,4,2020-02-05 00:42:06+00:00,1206,0,1
1192,136;817,2020-02-05 01:16:00+00:00,1165,5,2
1240,0,2020-02-05 02:58:00+00:00,1196,1,1
136,817,2020-02-05 03:11:00+00:00,1165,3,1
1188,0,2020-02-05 03:18:00+00:00,1155,1,1
626,0,2020-02-05 03:19:00+00:00,1170,1,1
1201,4,2020-02-05 03:20:00+00:00,1175,2,1
1239,0,2020-02-05 03:23:00+00:00,1195,1,1
4,8,2020-02-05 03:27:00+00:00,1175,1,1
340,34;344,2020-02-05 03:39:00+00:00,1181,2,2
340,34;344,2020-02-05 03:39:00+00:00,1187,2,2
79,0,2020-02-05 03:43:00+00:00,1181,1,1
79,0,2020-02-05 03:43:00+00:00,1187,1,1
0,1245,2020-02-05 03:48:11+00:00,1205,0,1
0,211,2020-02-05 03:49:07+00:00,1204,0,1
775,1227,2020-02-05 03:55:00+00:00,1186,3,1
0,33,2020-02-05 04:03:41+00:00,1203,0,1
0,33,2020-02-05 04:06:33+00:00,1202,0,1
0,34,2020-02-05 04:12:18+00:00,1201,0,1
0,34,2020-02-05 04:17:19+00:00,1200,0,1
0,4,2020-02-05 04:18:25+00:00,1199,0,1
817,1192,2020-02-05 04:43:00+00:00,1165,4,1
1193,877;881,2020-02-05 05:13:00+00:00,1167,6,2
0,877,2020-02-05 05:20:00+00:00,1167,4,1
0,47,2020-02-05 05:25:00+00:00,1174,1,1
0,877,2020-02-05 05:31:00+00:00,1167,2,1
136,0,2020-02-05 05:58:00+00:00,1198,1,1
877,0,2020-02-05 06:15:00+00:00,1167,5,1
47,0;136,2020-02-05 06:21:00+00:00,1174,2,2
877,0,2020-02-05 06:23:00+00:00,1167,3,1
877,0,2020-02-05 06:37:00+00:00,1167,1,1
1233,249;250;1207;1228;1230,2020-02-05 06:50:00+00:00,1190,2,5
250,0,2020-02-05 07:18:00+00:00,1191,1,1
1196,0,2020-02-05 07:20:00+00:00,1171,1,1
1199,0,2020-02-05 07:30:00+00:00,1173,1,1
4,1165,2020-02-05 07:35:00+00:00,1126,9,1
1197,1198,2020-02-05 07:50:00+00:00,1172,1,1
66,1165,2020-02-05 07:50:26+00:00,1126,8,1
1202,0,2020-02-05 08:21:00+00:00,1177,1,1
1194,0;292,2020-02-05 08:42:00+00:00,1168,1,2
249,0;80,2020-02-05 08:42:00+00:00,1190,1,2
1233,1236,2020-02-05 09:17:00+00:00,1190,4,1
1165,66,2020-02-05 09:25:00+00:00,1126,7,1
1236,1233,2020-02-05 09:35:00+00:00,1190,3,1
817,136,2020-02-05 10:55:00+00:00,1165,2,1
1195,0,2020-02-05 10:55:00+00:00,1169,1,1
0,136,2020-02-05 11:17:05+00:00,1198,0,1
0,1241,2020-02-05 11:34:46+00:00,1197,0,1
0,4,2020-02-05 11:52:11+00:00,1196,0,1
0,4,2020-02-05 11:52:41+00:00,1195,0,1
0,434,2020-02-05 13:41:40+00:00,1194,0,1
0,434,2020-02-05 13:56:13+00:00,1193,0,1
0,4,2020-02-05 14:36:13+00:00,1177,0,1
0,4,2020-02-05 15:33:15+00:00,1176,0,1
0,4,2020-02-05 20:52:29+00:00,1175,0,1
0,47;136,2020-02-06 00:00:36+00:00,1174,0,2
0,1199,2020-02-06 00:56:18+00:00,1173,0,1
1187,0,2020-02-06 01:34:00+00:00,1154,1,1
372,0,2020-02-06 02:02:00+00:00,1157,1,1
35,0,2020-02-06 02:22:00+00:00,1156,1,1
1218,243;263;774;1219;1220;1221;1222;1223,2020-02-06 02:25:00+00:00,1185,3,8
359,638;994;1210;1211;1212,2020-02-06 02:32:00+00:00,1184,4,5
0,4,2020-02-06 02:54:19+00:00,1172,0,1
0,33,2020-02-06 02:54:42+00:00,1171,0,1
0,250,2020-02-06 02:55:19+00:00,1191,0,1
175,79;81;101;292;417,2020-02-06 03:00:00+00:00,1185,2,5
1227,775,2020-02-06 03:00:00+00:00,1186,2,1
82,79;81;101;175;292;293;417;514,2020-02-06 03:11:00+00:00,1185,1,8
638,21;136;329;581,2020-02-06 03:22:00+00:00,1184,3,4
0,626,2020-02-06 03:28:54+00:00,1170,0,1
0,1195,2020-02-06 03:49:36+00:00,1169,0,1
0,80;249,2020-02-06 03:59:18+00:00,1190,0,2
0,292,2020-02-06 03:59:46+00:00,1168,0,1
0,877,2020-02-06 04:03:31+00:00,1167,0,1
0,33,2020-02-06 04:10:50+00:00,1166,0,1
1189,0,2020-02-06 04:11:00+00:00,1158,1,1
775,79,2020-02-06 04:12:00+00:00,1186,1,1
66,1165,2020-02-06 04:54:00+00:00,1126,6,1
136,0,2020-02-06 04:56:00+00:00,1165,1,1
136,0;21;329;581;638,2020-02-06 04:59:00+00:00,1184,2,5
66,1165;1167,2020-02-06 05:00:00+00:00,1126,4,2
1185,0,2020-02-06 05:38:00+00:00,1152,2,1
1185,0,2020-02-06 05:38:00+00:00,1159,1,1
1165,66;1167,2020-02-06 06:29:00+00:00,1126,5,2
877,0,2020-02-06 06:39:00+00:00,1160,1,1
877,0,2020-02-06 06:39:00+00:00,1161,1,1
66,1165;1167,2020-02-06 06:41:00+00:00,1126,2,2
0,1185,2020-02-06 07:04:53+00:00,1152,1,1
79,0,2020-02-06 07:29:00+00:00,1189,1,1
79,0;35;82,2020-02-06 07:31:00+00:00,1188,1,3
1165,66;1167,2020-02-06 08:06:00+00:00,1126,3,2
638,0;21;136;329;581,2020-02-06 08:08:00+00:00,1184,1,5
2,0,2020-02-06 08:37:00+00:00,1164,3,1
79,0,2020-02-06 09:16:00+00:00,1164,2,1
0,79,2020-02-06 09:34:00+00:00,1164,1,1
0,136,2020-02-06 10:58:13+00:00,1165,0,1
0,79,2020-02-06 14:24:54+00:00,1189,0,1
0,79,2020-02-06 14:34:57+00:00,1164,0,1
0,35;79;82,2020-02-06 14:54:16+00:00,1188,0,3
0,79,2020-02-06 15:21:22+00:00,1181,0,1
0,79,2020-02-06 15:21:22+00:00,1187,0,1
0,713,2020-02-06 16:28:04+00:00,1163,0,1
0,35,2020-02-06 20:09:43+00:00,1162,0,1
0,4,2020-02-06 23:56:07+00:00,1186,0,1
160,0,2020-02-07 02:02:00+00:00,1137,1,1
290,0,2020-02-07 02:50:00+00:00,1128,2,1
290,0,2020-02-07 02:50:00+00:00,1136,1,1
0,34;35;79,2020-02-07 03:00:35+00:00,1161,0,3
0,877,2020-02-07 03:01:07+00:00,1160,0,1
0,1185,2020-02-07 03:04:53+00:00,1159,0,1
0,4,2020-02-07 03:11:47+00:00,1158,0,1
0,82,2020-02-07 03:38:07+00:00,1185,0,1
0,4,2020-02-07 03:38:45+00:00,1157,0,1
0,35,2020-02-07 03:45:34+00:00,1156,0,1
0,4,2020-02-07 03:53:47+00:00,1155,0,1
0,21;136;329;581;638,2020-02-07 03:55:22+00:00,1184,0,5
0,4,2020-02-07 03:56:15+00:00,1154,0,1
1186,0,2020-02-07 05:20:00+00:00,1153,1,1
4,1184,2020-02-07 06:51:00+00:00,1151,2,1
4,0,2020-02-07 07:42:00+00:00,1151,1,1
1183,0,2020-02-07 08:29:00+00:00,1147,3,1
0,8,2020-02-07 10:46:54+00:00,1153,0,1
0,1185,2020-02-07 20:20:58+00:00,1152,0,1
4,1169,2020-02-08 01:04:00+00:00,1127,2,1
1175,0,2020-02-08 03:23:00+00:00,1135,1,1
0,4,2020-02-08 03:23:51+00:00,1151,0,1
1181,0,2020-02-08 05:18:00+00:00,1145,1,1
550,0,2020-02-08 06:27:00+00:00,1144,1,1
1182,0;4,2020-02-08 07:06:00+00:00,1147,2,2
1172,0,2020-02-08 07:21:00+00:00,1130,1,1
1182,4,2020-02-08 07:57:00+00:00,1147,1,1
178,0,2020-02-08 10:13:00+00:00,111,2,1
178,0,2020-02-08 10:13:00+00:00,1141,1,1
1169,0,2020-02-08 11:33:00+00:00,1127,5,1
1169,0,2020-02-08 11:33:00+00:00,1150,1,1
66,35,2020-02-08 12:11:00+00:00,1148,1,1
4,1169,2020-02-08 12:46:00+00:00,1127,4,1
434,0,2020-02-08 12:51:00+00:00,1146,0,1
4,1169,2020-02-08 12:53:00+00:00,1127,3,1
0,4,2020-02-08 17:24:25+00:00,1150,0,1
0,4,2020-02-08 17:29:51+00:00,1149,0,1
0,35;66,2020-02-08 17:30:45+00:00,1148,0,2
0,4;1182,2020-02-08 17:44:45+00:00,1147,0,2
0,1181,2020-02-09 03:28:39+00:00,1145,0,1
0,550,2020-02-09 03:33:50+00:00,1144,0,1
1056,0,2020-02-09 04:53:00+00:00,1018,1,1
250,249,2020-02-09 05:03:00+00:00,1183,5,1
50,249,2020-02-09 05:59:00+00:00,1183,4,1
249,50,2020-02-09 06:01:00+00:00,1183,3,1
249,280,2020-02-09 06:03:00+00:00,1183,2,1
454,0,2020-02-09 06:06:00+00:00,1142,1,1
0,249;280,2020-02-09 06:24:00+00:00,1183,1,2
249,0;280,2020-02-09 06:35:00+00:00,1183,0,2
0,290,2020-02-09 07:24:00+00:00,1128,1,1
4,0,2020-02-09 07:46:00+00:00,1127,1,1
1176,0,2020-02-09 11:39:00+00:00,1138,1,1
0,4,2020-02-09 12:08:49+00:00,1143,0,1
1173,4,2020-02-09 12:30:00+00:00,1133,1,1
454,4,2020-02-09 12:30:00+00:00,1134,1,1
0,4,2020-02-09 12:40:23+00:00,1142,0,1
4,0,2020-02-09 12:44:00+00:00,1132,1,1
21,0,2020-02-09 12:46:00+00:00,1131,1,1
4,454,2020-02-09 13:00:00+00:00,1134,5,1
4,454,2020-02-09 13:00:00+00:00,1140,4,1
0,178,2020-02-09 13:05:06+00:00,1141,0,1
4,454,2020-02-09 13:33:00+00:00,1134,4,1
4,454,2020-02-09 13:33:00+00:00,1140,3,1
4,454,2020-02-09 14:26:00+00:00,1134,3,1
4,454,2020-02-09 14:35:00+00:00,1140,2,1
4,454,2020-02-09 14:42:00+00:00,1140,1,1
0,4,2020-02-09 15:53:02+00:00,1140,0,1
4,454,2020-02-09 16:15:00+00:00,1134,2,1
0,35,2020-02-09 16:41:04+00:00,1139,0,1
0,4,2020-02-09 16:41:33+00:00,1138,0,1
0,160,2020-02-09 17:17:07+00:00,1137,0,1
0,33,2020-02-09 17:26:01+00:00,1136,0,1
0,1175,2020-02-09 17:34:16+00:00,1135,0,1
0,270,2020-02-09 17:51:21+00:00,1134,0,1
0,4,2020-02-09 17:52:22+00:00,1133,0,1
0,4,2020-02-09 17:53:04+00:00,1132,0,1
0,21,2020-02-09 17:59:10+00:00,1131,0,1
0,1172,2020-02-09 18:20:45+00:00,1130,0,1
0,35,2020-02-09 18:23:24+00:00,1129,0,1
0,290,2020-02-09 21:36:38+00:00,1128,0,1
0,4,2020-02-10 00:49:33+00:00,1127,0,1
340,0,2020-02-10 01:26:00+00:00,1182,1,1
1150,0,2020-02-10 02:17:00+00:00,1111,3,1
1157,0;23,2020-02-10 02:21:00+00:00,1121,1,2
0,1150,2020-02-10 03:07:00+00:00,1111,2,1
34,0,2020-02-10 04:07:00+00:00,1118,1,1
1165,0;66,2020-02-10 06:05:00+00:00,1126,1,2
1164,0,2020-02-10 07:43:00+00:00,1125,1,1
123,0,2020-02-10 10:08:00+00:00,1124,1,1
433,0,2020-02-10 11:11:00+00:00,269,1,1
433,0,2020-02-10 11:11:00+00:00,288,1,1
0,4,2020-02-10 11:18:00+00:00,1126,0,1
1158,0,2020-02-10 11:30:00+00:00,1122,1,1
22,0,2020-02-10 12:27:00+00:00,1123,1,1
0,1164,2020-02-10 12:54:14+00:00,1125,0,1
0,123,2020-02-10 18:08:29+00:00,1124,0,1
0,340,2020-02-10 18:43:59+00:00,1182,0,1
0,22,2020-02-10 18:52:31+00:00,1123,0,1
0,4,2020-02-10 19:19:42+00:00,1122,0,1
0,4,2020-02-10 20:10:11+00:00,1121,0,1
0,79,2020-02-10 20:18:24+00:00,1120,0,1
0,34,2020-02-10 20:22:28+00:00,1119,0,1
0,34,2020-02-10 22:44:53+00:00,1118,0,1
1150,0,2020-02-11 01:19:00+00:00,1111,1,1
719,0,2020-02-11 01:20:00+00:00,1107,1,1
471,0,2020-02-11 01:55:00+00:00,1110,1,1
35,8,2020-02-11 02:50:00+00:00,1106,0,1
151,0,2020-02-11 02:58:00+00:00,82,2,1
1148,0,2020-02-11 03:41:00+00:00,1105,1,1
1155,0,2020-02-11 04:32:00+00:00,1114,1,1
1147,0,2020-02-11 04:55:00+00:00,1104,1,1
1152,0,2020-02-11 05:35:00+00:00,1113,1,1
375,4,2020-02-11 06:29:00+00:00,1102,2,1
4,0,2020-02-11 07:37:00+00:00,1116,1,1
35,8,2020-02-11 10:04:00+00:00,1106,1,1
1021,0,2020-02-11 11:00:00+00:00,1108,1,1
1146,0,2020-02-11 11:18:00+00:00,1103,1,1
0,1156,2020-02-11 12:20:02+00:00,1117,0,1
0,4,2020-02-11 12:52:45+00:00,1116,0,1
0,33,2020-02-11 13:12:28+00:00,1115,0,1
0,33,2020-02-11 13:14:45+00:00,1114,0,1
0,4,2020-02-11 13:22:53+00:00,1113,0,1
0,1151,2020-02-11 16:22:43+00:00,1112,0,1
0,1150,2020-02-11 20:10:45+00:00,1111,0,1
0,471,2020-02-11 20:54:02+00:00,1110,0,1
0,79,2020-02-11 23:06:37+00:00,1109,0,1
0,101,2020-02-11 23:45:51+00:00,1108,0,1
0,8,2020-02-11 23:58:00+00:00,1107,0,1
0,33,2020-02-12 00:13:52+00:00,1105,0,1
0,4,2020-02-12 00:16:12+00:00,1104,0,1
35,0,2020-02-12 01:47:00+00:00,304,1,1
750,0,2020-02-12 02:28:00+00:00,1095,1,1
2,0,2020-02-12 03:16:00+00:00,1099,1,1
175,4,2020-02-12 04:18:00+00:00,1094,2,1
4,0,2020-02-12 08:58:00+00:00,1096,1,1
4,35,2020-02-12 09:11:00+00:00,1102,1,1
0,33,2020-02-12 12:04:55+00:00,1103,0,1
0,35,2020-02-12 15:23:15+00:00,1102,0,1
0,741,2020-02-12 15:24:06+00:00,1101,0,1
0,334,2020-02-12 16:02:30+00:00,1100,0,1
79,8,2020-02-13 01:22:00+00:00,1091,1,1
277,0,2020-02-13 01:31:00+00:00,1179,3,1
277,0,2020-02-13 01:31:00+00:00,1180,1,1
0,43,2020-02-13 03:16:08+00:00,1099,0,1
0,277,2020-02-13 05:07:00+00:00,1179,2,1
277,0,2020-02-13 05:28:00+00:00,1179,1,1
0,228;1134,2020-02-13 06:35:00+00:00,1089,2,2
1140,0;218,2020-02-13 06:39:00+00:00,1092,1,2
1141,0,2020-02-13 08:18:00+00:00,1093,1,1
4,0,2020-02-13 08:21:00+00:00,1094,1,1
322,0,2020-02-13 09:42:00+00:00,1098,1,1
1133,0;228;1134,2020-02-13 10:18:00+00:00,1089,1,3
1138,0,2020-02-13 10:36:00+00:00,1090,1,1
1134,0;228,2020-02-13 12:45:00+00:00,1089,3,2
1134,228,2020-02-13 12:45:00+00:00,1097,1,1
0,277,2020-02-13 22:06:37+00:00,1180,0,1
0,277,2020-02-13 22:36:17+00:00,1179,0,1
0,322,2020-02-13 22:44:12+00:00,1098,0,1
0,81,2020-02-13 22:47:23+00:00,1097,0,1
0,4,2020-02-13 23:10:07+00:00,1096,0,1
0,750,2020-02-13 23:22:27+00:00,1095,0,1
1129,0,2020-02-14 01:17:00+00:00,1084,1,1
472,0,2020-02-14 01:54:00+00:00,306,1,1
0,4,2020-02-14 02:09:44+00:00,1094,0,1
0,1141,2020-02-14 02:36:46+00:00,1093,0,1
0,4,2020-02-14 02:42:53+00:00,1092,0,1
0,35,2020-02-14 02:56:17+00:00,1091,0,1
0,1138,2020-02-14 03:00:23+00:00,1090,0,1
1128,0,2020-02-14 03:06:00+00:00,1082,1,1
83,0,2020-02-14 03:18:00+00:00,1083,1,1
0,1133,2020-02-14 03:20:06+00:00,1089,0,1
1127,0,2020-02-14 03:38:00+00:00,1081,2,1
4,8,2020-02-14 03:45:00+00:00,1081,1,1
291,0;292;293;440;514;515,2020-02-14 03:56:00+00:00,348,11,6
868,775;1109,2020-02-14 04:40:00+00:00,1070,3,2
418,0,2020-02-14 05:22:00+00:00,266,0,1
202,0;21;136;174,2020-02-14 06:03:00+00:00,1077,2,4
202,0;21;136;174,2020-02-14 06:03:00+00:00,1078,3,4
1119,1120;1121,2020-02-14 06:07:00+00:00,1078,2,2
1125,0,2020-02-14 06:27:00+00:00,1079,2,1
161,0,2020-02-14 09:06:00+00:00,1078,1,1
0,1125,2020-02-14 09:08:00+00:00,1079,1,1
1130,0,2020-02-14 09:15:00+00:00,1086,1,1
1131,0,2020-02-14 10:37:00+00:00,1087,1,1
328,0;21;136;174;202,2020-02-14 11:32:00+00:00,1077,1,5
34,0,2020-02-14 12:32:00+00:00,1085,1,1
0,35,2020-02-14 14:22:00+00:00,1088,0,1
0,1131,2020-02-14 15:52:49+00:00,1087,0,1
0,33,2020-02-14 17:23:43+00:00,1086,0,1
0,34,2020-02-14 17:39:33+00:00,1085,0,1
0,33,2020-02-14 18:27:24+00:00,1084,0,1
0,83,2020-02-14 20:21:51+00:00,1083,0,1
0,1128,2020-02-14 20:23:04+00:00,1082,0,1
0,4,2020-02-14 21:09:40+00:00,1081,0,1
0,363,2020-02-14 23:45:53+00:00,1080,0,1
0,775,2020-02-15 01:50:00+00:00,1070,1,1
0,33,2020-02-15 02:08:57+00:00,1079,0,1
0,161,2020-02-15 02:23:37+00:00,1078,0,1
474,218,2020-02-15 04:22:00+00:00,312,1,1
775,0,2020-02-15 11:31:00+00:00,1070,2,1
0,21;136;174;202;328,2020-02-15 12:55:47+00:00,1077,0,5
0,280,2020-02-15 18:57:22+00:00,1070,0,1
0,4,2020-02-15 22:21:34+00:00,312,0,1
442,0,2020-02-16 02:18:00+00:00,308,1,1
1080,1079,2020-02-16 03:05:43+00:00,1061,45,1
1082,1083,2020-02-16 03:24:00+00:00,1061,46,1
123,0,2020-02-16 04:39:00+00:00,305,1,1
473,0,2020-02-16 05:18:00+00:00,311,1,1
436,0,2020-02-16 06:12:00+00:00,273,1,1
1081,1079;1080,2020-02-16 07:10:00+00:00,1061,44,2
1082,1083,2020-02-16 09:39:00+00:00,1061,48,1
1082,1083,2020-02-16 10:21:38+00:00,1061,47,1
0,33,2020-02-16 12:12:58+00:00,311,0,1
0,35,2020-02-16 19:19:00+00:00,310,0,1
0,80,2020-02-16 20:17:53+00:00,309,0,1
0,442,2020-02-16 20:20:29+00:00,308,0,1
0,228,2020-02-16 20:40:58+00:00,307,0,1
0,472,2020-02-16 21:16:02+00:00,306,0,1
195,0,2020-02-16 22:21:00+00:00,117,2,1
0,123,2020-02-16 22:28:19+00:00,305,0,1
468,0,2020-02-17 01:10:00+00:00,299,1,1
468,0,2020-02-17 01:19:00+00:00,298,1,1
464,0,2020-02-17 01:52:00+00:00,294,1,1
21,0,2020-02-17 02:56:00+00:00,1069,1,1
1079,1080;1081,2020-02-17 02:57:00+00:00,1061,40,2
466,0,2020-02-17 03:15:00+00:00,295,1,1
446,0,2020-02-17 03:36:00+00:00,283,3,1
1079,1080;1081,2020-02-17 04:15:00+00:00,1061,39,2
1079,1081,2020-02-17 04:47:38+00:00,1061,38,1
1082,1079;1081,2020-02-17 04:51:00+00:00,1061,37,2
462,263,2020-02-17 06:55:00+00:00,293,1,1
1079,1081;1082,2020-02-17 07:17:00+00:00,1061,36,2
0,446,2020-02-17 08:19:00+00:00,283,2,1
471,0,2020-02-17 08:28:00+00:00,303,2,1
458,4,2020-02-17 08:40:00+00:00,302,2,1
4,458,2020-02-17 08:40:00+00:00,302,3,1
4,458,2020-02-17 08:42:00+00:00,302,1,1
0,471,2020-02-17 08:47:00+00:00,303,1,1
1079,1080;1081,2020-02-17 08:57:00+00:00,1061,43,2
1079,1080;1081;1082,2020-02-17 09:04:00+00:00,1061,35,3
334,0,2020-02-17 09:37:00+00:00,290,1,1
443,0,2020-02-17 09:56:00+00:00,279,1,1
1079,1080;1081,2020-02-17 09:59:00+00:00,1061,42,2
461,0,2020-02-17 10:04:00+00:00,287,1,1
161,0,2020-02-17 10:05:00+00:00,286,1,1
334,0,2020-02-17 10:20:00+00:00,289,1,1
1079,1081;1082,2020-02-17 10:39:00+00:00,1061,34,2
278,228,2020-02-17 10:48:48+00:00,1075,2,1
1079,1080;1081,2020-02-17 11:00:00+00:00,1061,41,2
469,0,2020-02-17 11:51:00+00:00,300,1,1
467,0,2020-02-17 12:42:00+00:00,297,1,1
0,35,2020-02-17 13:24:34+00:00,304,0,1
0,471,2020-02-17 13:50:10+00:00,303,0,1
0,4,2020-02-17 14:14:34+00:00,302,0,1
0,470,2020-02-17 16:35:20+00:00,301,0,1
0,4,2020-02-17 17:42:47+00:00,300,0,1
0,33,2020-02-17 18:47:09+00:00,299,0,1
0,33,2020-02-17 18:51:17+00:00,298,0,1
0,33,2020-02-17 18:58:46+00:00,297,0,1
0,33,2020-02-17 19:50:25+00:00,296,0,1
0,21,2020-02-17 20:16:44+00:00,1069,0,1
0,4,2020-02-17 20:22:39+00:00,295,0,1
0,33,2020-02-17 20:29:27+00:00,294,0,1
0,462,2020-02-18 00:20:01+00:00,293,0,1
1080,1082,2020-02-18 01:06:00+00:00,1061,27,1
0,136,2020-02-18 01:56:50+00:00,292,0,1
0,33,2020-02-18 02:02:35+00:00,291,0,1
0,4,2020-02-18 02:09:18+00:00,290,0,1
0,4,2020-02-18 02:09:48+00:00,289,0,1
34,4;437,2020-02-18 02:47:00+00:00,275,2,2
4,0,2020-02-18 02:48:00+00:00,275,1,1
0,433,2020-02-18 02:48:13+00:00,288,0,1
0,33,2020-02-18 03:05:47+00:00,287,0,1
0,161,2020-02-18 03:08:59+00:00,286,0,1
2,0,2020-02-18 04:18:00+00:00,277,1,1
1081,1080;1082,2020-02-18 04:38:00+00:00,1061,26,2
438,0,2020-02-18 04:39:00+00:00,276,1,1
445,0,2020-02-18 04:40:00+00:00,282,1,1
458,459,2020-02-18 05:12:00+00:00,285,2,1
4,0,2020-02-18 05:42:00+00:00,285,1,1
454,0,2020-02-18 05:49:00+00:00,284,1,1
1079,1081;1082,2020-02-18 07:10:00+00:00,1061,33,2
444,0,2020-02-18 08:04:00+00:00,280,1,1
380,0,2020-02-18 08:09:00+00:00,249,3,1
380,0,2020-02-18 08:09:00+00:00,252,3,1
4,8,2020-02-18 08:22:00+00:00,272,1,1
79,0,2020-02-18 08:23:00+00:00,1068,1,1
441,0,2020-02-18 09:20:00+00:00,278,1,1
228,0,2020-02-18 09:35:00+00:00,1075,1,1
435,0,2020-02-18 09:43:00+00:00,271,1,1
366,0,2020-02-18 10:05:00+00:00,227,1,1
1079,1081;1082,2020-02-18 10:15:00+00:00,1061,32,2
327,0;80,2020-02-18 10:41:00+00:00,274,1,2
0,4,2020-02-18 10:44:58+00:00,285,0,1
535,1079;1082,2020-02-18 10:45:00+00:00,1061,30,2
1079,535;1082,2020-02-18 10:50:00+00:00,1061,29,2
1079,535;1082,2020-02-18 11:02:00+00:00,1061,28,2
0,4,2020-02-18 11:08:19+00:00,284,0,1
0,446,2020-02-18 11:12:55+00:00,283,0,1
0,445,2020-02-18 11:15:14+00:00,282,0,1
0,136,2020-02-18 12:00:32+00:00,281,0,1
446,0,2020-02-18 12:26:00+00:00,283,1,1
1114,1115,2020-02-18 12:42:00+00:00,1074,1,1
0,33,2020-02-18 13:17:03+00:00,280,0,1
0,443,2020-02-18 14:12:48+00:00,279,0,1
0,441,2020-02-18 14:37:35+00:00,278,0,1
0,228,2020-02-18 14:57:27+00:00,1075,0,1
1079,1082,2020-02-18 15:26:00+00:00,1061,31,1
0,4,2020-02-18 20:41:35+00:00,1074,0,1
0,2,2020-02-18 22:06:38+00:00,277,0,1
0,438,2020-02-18 23:32:19+00:00,276,0,1
0,4,2020-02-18 23:57:32+00:00,275,0,1
0,81,2020-02-19 00:23:40+00:00,274,0,1
0,436,2020-02-19 00:28:47+00:00,273,0,1
0,4;8,2020-02-19 01:32:37+00:00,272,0,2
0,79,2020-02-19 01:38:52+00:00,1068,0,1
0,228;249;281,2020-02-19 03:41:52+00:00,271,0,3
1080,1079,2020-02-19 03:54:00+00:00,1061,25,1
535,1079;1080,2020-02-19 04:47:00+00:00,1061,24,2
415,0,2020-02-19 05:56:00+00:00,263,1,1
411,0,2020-02-19 06:02:00+00:00,259,1,1
1079,535;1080,2020-02-19 06:06:00+00:00,1061,23,2
240,0,2020-02-19 06:15:00+00:00,1066,1,1
3,0,2020-02-19 06:16:00+00:00,262,1,1
555,0;958,2020-02-19 06:41:00+00:00,1076,1,2
123,0,2020-02-19 07:26:00+00:00,270,2,1
123,0,2020-02-19 07:36:00+00:00,270,1,1
1079,535;1080,2020-02-19 08:09:00+00:00,1061,22,2
432,425,2020-02-19 08:18:00+00:00,268,2,1
409,0,2020-02-19 08:19:00+00:00,258,1,1
1079,535;1080,2020-02-19 08:20:00+00:00,1061,21,2
425,0;8;23;34;35;66;111;160;315;316;320;397;426;427,2020-02-19 08:22:00+00:00,268,1,14
414,0,2020-02-19 08:33:00+00:00,261,1,1
1079,535;1080,2020-02-19 08:36:00+00:00,1061,19,2
238,263;958,2020-02-19 10:02:00+00:00,1067,3,2
1079,535;1080,2020-02-19 10:05:00+00:00,1061,18,2
1079,535;1080,2020-02-19 10:05:00+00:00,1061,20,2
238,263;958,2020-02-19 10:06:00+00:00,1067,2,2
82,0,2020-02-19 10:09:00+00:00,265,1,1
424,0,2020-02-19 10:26:00+00:00,267,1,1
278,238;263,2020-02-19 10:54:00+00:00,1067,1,2
21,238,2020-02-19 11:04:00+00:00,140,5,1
0,555;958,2020-02-19 12:03:04+00:00,1076,0,2
416,0,2020-02-19 12:35:00+00:00,264,1,1
0,123,2020-02-19 12:37:58+00:00,270,0,1
0,433,2020-02-19 13:03:08+00:00,269,0,1
0,35,2020-02-19 14:42:50+00:00,268,0,1
0,4,2020-02-19 16:16:33+00:00,267,0,1
0,82,2020-02-19 16:51:27+00:00,265,0,1
0,4,2020-02-19 20:27:04+00:00,264,0,1
0,33,2020-02-19 23:03:23+00:00,263,0,1
0,3,2020-02-20 00:54:10+00:00,262,0,1
86,0;87;89;90;91;92;93;94;99;100;412;413,2020-02-20 02:00:00+00:00,260,1,12
407,0,2020-02-20 03:16:00+00:00,255,1,1
0,414,2020-02-20 03:43:40+00:00,261,0,1
367,0,2020-02-20 03:56:00+00:00,228,1,1
0,238;263;278,2020-02-20 04:02:40+00:00,1067,0,3
396,4,2020-02-20 04:12:00+00:00,244,14,1
396,4,2020-02-20 04:12:00+00:00,245,12,1
4,396,2020-02-20 04:16:00+00:00,244,13,1
4,396,2020-02-20 04:16:00+00:00,245,11,1
396,4,2020-02-20 04:17:00+00:00,244,12,1
396,4,2020-02-20 04:17:00+00:00,245,10,1
1079,535;1080,2020-02-20 04:49:00+00:00,1061,13,2
298,0,2020-02-20 04:51:00+00:00,253,1,1
21,238,2020-02-20 05:29:00+00:00,140,3,1
1079,535;1080,2020-02-20 05:38:00+00:00,1061,12,2
408,0,2020-02-20 05:51:00+00:00,256,3,1
1112,136,2020-02-20 05:59:00+00:00,1073,4,1
0,408,2020-02-20 06:06:00+00:00,256,2,1
408,0,2020-02-20 06:11:00+00:00,256,1,1
1079,535;1080,2020-02-20 06:39:00+00:00,1061,17,2
83,0;1308,2020-02-20 06:57:00+00:00,254,1,2
0,380,2020-02-20 07:12:00+00:00,249,2,1
0,380,2020-02-20 07:12:00+00:00,252,2,1
1079,535;1080,2020-02-20 07:15:00+00:00,1061,16,2
1079,535;1080,2020-02-20 08:20:00+00:00,1061,15,2
380,0,2020-02-20 08:53:00+00:00,249,1,1
380,0,2020-02-20 08:53:00+00:00,252,1,1
1079,535;1080,2020-02-20 09:21:00+00:00,1061,11,2
0,4,2020-02-20 10:51:23+00:00,260,0,1
1079,535;1080,2020-02-20 11:00:00+00:00,1061,14,2
30,0,2020-02-20 11:04:00+00:00,257,1,1
21,238,2020-02-20 12:19:00+00:00,140,4,1
0,411,2020-02-20 12:39:25+00:00,259,0,1
0,33,2020-02-20 15:15:05+00:00,258,0,1
0,30,2020-02-20 16:45:39+00:00,257,0,1
0,81,2020-02-20 21:26:05+00:00,1066,0,1
0,408,2020-02-20 23:28:04+00:00,256,0,1
0,4,2020-02-20 23:48:29+00:00,255,0,1
0,83,2020-02-21 00:13:55+00:00,254,0,1
380,0;381;382,2020-02-21 01:37:00+00:00,239,2,3
0,298,2020-02-21 01:47:03+00:00,253,0,1
406,0,2020-02-21 01:48:00+00:00,251,1,1
399,79,2020-02-21 01:51:00+00:00,247,2,1
1079,535;1080,2020-02-21 01:59:00+00:00,1061,4,2
79,399,2020-02-21 02:18:00+00:00,247,1,1
375,0,2020-02-21 02:40:00+00:00,237,1,1
0,8,2020-02-21 02:42:07+00:00,252,0,1
4,396,2020-02-21 02:48:00+00:00,244,7,1
4,396,2020-02-21 02:48:00+00:00,245,5,1
396,4,2020-02-21 02:55:00+00:00,244,6,1
396,4,2020-02-21 02:55:00+00:00,245,4,1
4,396,2020-02-21 03:04:00+00:00,244,5,1
4,396,2020-02-21 03:04:00+00:00,245,3,1
396,4,2020-02-21 03:09:00+00:00,244,4,1
396,4,2020-02-21 03:09:00+00:00,245,2,1
160,0,2020-02-21 03:55:00+00:00,229,1,1
388,0,2020-02-21 03:56:00+00:00,240,1,1
374,0,2020-02-21 04:05:00+00:00,234,3,1
4,319,2020-02-21 04:30:00+00:00,195,2,1
380,0;381;382;390,2020-02-21 04:37:00+00:00,241,2,4
4,0;35,2020-02-21 04:44:00+00:00,241,1,2
34,4;369,2020-02-21 04:52:00+00:00,230,2,2
4,0,2020-02-21 04:57:00+00:00,230,1,1
1079,535;1080,2020-02-21 05:09:00+00:00,1061,10,2
136,0,2020-02-21 05:21:00+00:00,1073,3,1
1079,535;1080,2020-02-21 05:46:00+00:00,1061,9,2
0,136,2020-02-21 05:46:50+00:00,1073,2,1
240,0,2020-02-21 05:53:00+00:00,1065,1,1
392,0,2020-02-21 06:14:00+00:00,242,1,1
379,380;381,2020-02-21 06:31:00+00:00,239,1,2
281,0;136,2020-02-21 06:31:00+00:00,1073,1,2
1079,535;1080,2020-02-21 06:52:00+00:00,1061,3,2
394,0,2020-02-21 07:46:00+00:00,243,1,1
403,0;277;404,2020-02-21 08:30:00+00:00,250,1,3
1079,535;1080,2020-02-21 08:35:00+00:00,1061,8,2
4,396,2020-02-21 09:06:00+00:00,244,11,1
4,396,2020-02-21 09:06:00+00:00,245,9,1
249,0;1107,2020-02-21 09:24:00+00:00,1063,2,2
249,0;1107,2020-02-21 09:24:00+00:00,1064,1,2
1079,535;1080,2020-02-21 10:02:00+00:00,1061,7,2
1079,535;1080,2020-02-21 10:28:00+00:00,1061,6,2
396,4,2020-02-21 10:29:00+00:00,244,10,1
396,4,2020-02-21 10:29:00+00:00,245,8,1
4,396,2020-02-21 10:35:00+00:00,244,9,1
4,396,2020-02-21 10:35:00+00:00,245,7,1
396,4,2020-02-21 10:42:00+00:00,244,8,1
396,4,2020-02-21 10:42:00+00:00,245,6,1
0,33,2020-02-21 10:47:53+00:00,251,0,1
1079,535;1080,2020-02-21 10:54:00+00:00,1061,5,2
0,240,2020-02-21 10:55:47+00:00,1065,0,1
0,136;281,2020-02-21 11:59:09+00:00,1073,0,2
0,33,2020-02-21 13:33:20+00:00,250,0,1
0,380,2020-02-21 14:31:08+00:00,249,0,1
0,136,2020-02-21 15:40:17+00:00,248,0,1
0,79,2020-02-21 19:38:56+00:00,247,0,1
996,0,2020-02-22 01:14:00+00:00,1072,1,1
0,374,2020-02-22 01:49:00+00:00,234,2,1
33,0,2020-02-22 02:22:00+00:00,235,1,1
35,0,2020-02-22 02:25:00+00:00,234,1,1
33,0,2020-02-22 02:26:00+00:00,231,1,1
33,0,2020-02-22 02:26:00+00:00,232,1,1
0,398,2020-02-22 02:39:22+00:00,246,0,1
0,249,2020-02-22 02:40:45+00:00,1064,0,1
0,228,2020-02-22 03:12:02+00:00,1071,2,1
365,0,2020-02-22 04:03:00+00:00,226,1,1
277,0,2020-02-22 04:06:00+00:00,1071,1,1
395,0,2020-02-22 05:49:00+00:00,244,3,1
1079,535;1080,2020-02-22 06:28:00+00:00,1061,2,2
0,395,2020-02-22 06:38:00+00:00,244,2,1
4,0,2020-02-22 06:38:00+00:00,245,1,1
395,0,2020-02-22 06:39:00+00:00,244,1,1
249,0,2020-02-22 08:56:00+00:00,1063,1,1
0,4,2020-02-22 11:39:06+00:00,245,0,1
0,395,2020-02-22 11:39:57+00:00,244,0,1
0,33,2020-02-22 11:49:36+00:00,243,0,1
0,33,2020-02-22 12:06:10+00:00,242,0,1
0,4;35,2020-02-22 12:08:24+00:00,241,0,2
0,4,2020-02-22 12:13:45+00:00,240,0,1
373,0,2020-02-22 12:45:00+00:00,233,1,1
0,82,2020-02-22 14:00:30+00:00,239,0,1
0,249,2020-02-22 14:01:20+00:00,1063,0,1
0,33,2020-02-22 14:06:21+00:00,238,0,1
0,375,2020-02-22 14:08:16+00:00,237,0,1
0,81,2020-02-22 18:32:37+00:00,236,0,1
0,996,2020-02-22 18:35:29+00:00,1072,0,1
0,33,2020-02-22 19:33:57+00:00,235,0,1
0,35,2020-02-22 19:36:40+00:00,234,0,1
0,373,2020-02-22 19:39:17+00:00,233,0,1
0,372,2020-02-22 19:41:42+00:00,232,0,1
0,33,2020-02-22 19:41:48+00:00,231,0,1
0,4,2020-02-22 20:38:12+00:00,230,0,1
0,160,2020-02-22 20:51:00+00:00,229,0,1
0,8,2020-02-22 20:53:35+00:00,228,0,1
0,4,2020-02-22 21:04:58+00:00,227,0,1
0,33,2020-02-22 21:06:45+00:00,226,0,1
0,277,2020-02-22 21:07:26+00:00,1071,0,1
83,0,2020-02-23 02:32:00+00:00,220,1,1
123,0,2020-02-23 03:47:00+00:00,219,2,1
363,0,2020-02-23 04:13:00+00:00,223,1,1
123,0,2020-02-23 04:16:00+00:00,219,1,1
0,4;21,2020-02-23 04:27:10+00:00,225,0,2
83,0,2020-02-23 05:25:00+00:00,220,2,1
101,0,2020-02-23 05:39:00+00:00,217,1,1
361,0,2020-02-23 05:50:00+00:00,221,1,1
219,0;21;136;328,2020-02-23 07:23:00+00:00,202,5,4
219,0;21;136;328,2020-02-23 07:23:00+00:00,215,3,4
0,136;219;328,2020-02-23 08:15:00+00:00,202,4,3
0,21;136;219;328,2020-02-23 08:15:00+00:00,215,2,4
219,0;21;328,2020-02-23 08:56:00+00:00,202,3,3
219,0;21;136;328,2020-02-23 08:56:00+00:00,215,1,4
362,0,2020-02-23 09:06:00+00:00,222,1,1
364,0,2020-02-23 09:11:00+00:00,224,1,1
240,263;350;780;1078,2020-02-23 11:31:00+00:00,1061,1,4
0,364,2020-02-23 14:26:22+00:00,224,0,1
0,363,2020-02-23 15:52:06+00:00,223,0,1
0,362,2020-02-23 15:53:48+00:00,222,0,1
0,361,2020-02-23 15:56:48+00:00,221,0,1
0,83,2020-02-23 20:01:51+00:00,220,0,1
0,123,2020-02-23 21:22:40+00:00,219,0,1
0,1;2;3,2020-02-23 21:35:02+00:00,218,0,3
0,101,2020-02-23 23:11:59+00:00,217,0,1
0,33,2020-02-23 23:14:18+00:00,216,0,1
244,0;240;263;269;276;339,2020-02-24 01:18:00+00:00,214,3,6
0,228;240;244;249;263;276;339,2020-02-24 01:42:00+00:00,214,2,7
244,0;228;240;249;263;269;276,2020-02-24 01:43:00+00:00,214,1,7
0,219,2020-02-24 02:00:10+00:00,215,0,1
336,0,2020-02-24 02:42:00+00:00,207,1,1
336,0,2020-02-24 02:42:00+00:00,208,3,1
318,0,2020-02-24 02:51:00+00:00,195,1,1
0,336,2020-02-24 03:00:00+00:00,208,2,1
336,0,2020-02-24 03:05:00+00:00,208,1,1
317,0,2020-02-24 03:49:00+00:00,194,1,1
314,4;315,2020-02-24 04:04:00+00:00,193,1,2
313,0,2020-02-24 05:34:00+00:00,192,1,1
333,0,2020-02-24 05:55:00+00:00,203,1,1
312,0,2020-02-24 06:03:00+00:00,191,1,1
136,0;21;219;328,2020-02-24 06:45:07+00:00,202,2,4
334,0,2020-02-24 07:04:00+00:00,204,2,1
334,0,2020-02-24 07:04:00+00:00,205,1,1
67,0,2020-02-24 07:35:00+00:00,204,1,1
79,0;82,2020-02-24 08:54:00+00:00,202,1,2
21,0,2020-02-24 09:41:00+00:00,190,1,1
310,0,2020-02-24 09:42:00+00:00,189,1,1
327,0,2020-02-24 10:00:00+00:00,201,1,1
326,43,2020-02-24 10:07:00+00:00,200,3,1
240,0;21;228;241;244;246;271;275;276;280;349,2020-02-24 10:19:00+00:00,213,3,11
21,240;349,2020-02-24 10:28:00+00:00,213,2,2
335,0,2020-02-24 10:33:00+00:00,206,2,1
175,43,2020-02-24 10:39:00+00:00,200,2,1
21,240;349,2020-02-24 10:40:00+00:00,213,1,2
0,335,2020-02-24 10:42:00+00:00,206,1,1
4,0,2020-02-24 10:46:00+00:00,200,1,1
0,21;328,2020-02-24 11:08:54+00:00,1062,0,2
0,240;263;350;780;1078,2020-02-24 11:15:02+00:00,1061,0,5
323,0,2020-02-24 11:41:00+00:00,199,1,1
35,0,2020-02-24 11:51:00+00:00,198,1,1
321,208,2020-02-24 11:58:00+00:00,197,1,1
0,334,2020-02-24 12:24:01+00:00,205,0,1
328,21,2020-02-24 12:40:00+00:00,1062,1,1
0,67,2020-02-24 12:42:02+00:00,204,0,1
0,333,2020-02-24 12:59:47+00:00,203,0,1
0,79;82,2020-02-24 14:03:36+00:00,202,0,2
0,79,2020-02-24 15:14:10+00:00,201,0,1
0,4,2020-02-24 16:01:59+00:00,200,0,1
0,323,2020-02-24 16:51:09+00:00,199,0,1
0,35,2020-02-24 16:53:04+00:00,198,0,1
0,208;321,2020-02-24 17:21:34+00:00,197,0,2
0,111,2020-02-24 18:07:33+00:00,196,0,1
0,244,2020-02-24 18:46:26+00:00,214,0,1
0,4;43,2020-02-24 19:55:21+00:00,195,0,2
0,82,2020-02-24 20:21:35+00:00,208,0,1
0,82,2020-02-24 20:22:42+00:00,207,0,1
0,79,2020-02-24 22:33:02+00:00,194,0,1
0,4,2020-02-24 22:34:05+00:00,193,0,1
0,4,2020-02-24 22:42:57+00:00,192,0,1
0,4,2020-02-24 23:38:09+00:00,191,0,1
302,4,2020-02-25 01:26:00+00:00,178,1,1
0,21,2020-02-25 03:26:06+00:00,190,0,1
0,4,2020-02-25 03:27:11+00:00,189,0,1
0,17;331,2020-02-25 03:46:47+00:00,213,0,2
44,47;55;56;228,2020-02-25 04:10:00+00:00,187,1,4
160,0,2020-02-25 05:12:00+00:00,167,1,1
301,0,2020-02-25 05:56:00+00:00,177,1,1
123,0,2020-02-25 06:34:00+00:00,171,1,1
1049,0,2020-02-25 06:43:00+00:00,1009,2,1
296,0,2020-02-25 08:45:00+00:00,165,1,1
297,0,2020-02-25 08:47:00+00:00,166,1,1
288,0,2020-02-25 08:51:00+00:00,156,5,1
288,0,2020-02-25 08:51:00+00:00,158,4,1
288,0,2020-02-25 08:51:00+00:00,164,3,1
288,0,2020-02-25 08:51:00+00:00,185,1,1
288,0,2020-02-25 08:51:00+00:00,186,1,1
21,0,2020-02-25 09:01:00+00:00,212,1,1
183,186,2020-02-25 09:02:43+00:00,114,3,1
307,0,2020-02-25 09:20:00+00:00,184,1,1
44,45;46;47;48;49;50;51;52;53;54;55;56;57;58;59;60;61;62;63;64;65;66;67,2020-02-25 10:07:00+00:00,26,1,23
79,0;82,2020-02-25 10:08:00+00:00,211,1,2
86,0;89;90;91;92;99;100,2020-02-25 10:18:00+00:00,45,2,7
304,0,2020-02-25 10:42:00+00:00,183,1,1
31,0,2020-02-25 10:47:00+00:00,180,2,1
300,0,2020-02-25 10:59:00+00:00,175,1,1
0,33,2020-02-25 11:07:01+00:00,206,0,1
0,4,2020-02-25 12:30:31+00:00,188,0,1
0,31,2020-02-25 12:32:00+00:00,180,1,1
0,43,2020-02-25 15:55:19+00:00,187,0,1
0,35;81,2020-02-25 17:07:30+00:00,186,0,2
0,35;81,2020-02-25 17:08:19+00:00,185,0,2
0,33,2020-02-25 17:15:43+00:00,184,0,1
0,304,2020-02-25 17:25:40+00:00,183,0,1
0,4,2020-02-25 18:02:20+00:00,182,0,1
0,33,2020-02-25 18:04:40+00:00,181,0,1
0,31,2020-02-25 18:09:02+00:00,180,0,1
0,303,2020-02-25 18:52:31+00:00,179,0,1
0,4,2020-02-25 18:56:38+00:00,178,0,1
0,301,2020-02-25 19:03:48+00:00,177,0,1
0,4,2020-02-25 21:08:53+00:00,176,0,1
0,8,2020-02-25 22:10:15+00:00,175,0,1
0,299,2020-02-25 23:33:00+00:00,174,0,1
0,33,2020-02-25 23:59:02+00:00,173,0,1
0,298,2020-02-26 00:07:15+00:00,172,0,1
340,4;79;204;241;244;245;269;271;272;274;275;341;342;343;344;345;346,2020-02-26 01:07:00+00:00,210,2,17
138,0,2020-02-26 01:10:00+00:00,74,1,1
79,0,2020-02-26 01:12:00+00:00,210,1,1
0,123,2020-02-26 01:32:22+00:00,171,0,1
275,21;263;269;276;339,2020-02-26 01:43:00+00:00,209,5,5
338,275;339,2020-02-26 01:44:56+00:00,209,4,2
21,0;329,2020-02-26 01:57:00+00:00,209,3,2
0,21;329,2020-02-26 02:04:38+00:00,209,2,2
21,0,2020-02-26 02:06:00+00:00,209,1,1
0,21,2020-02-26 02:19:38+00:00,212,0,1
221,0,2020-02-26 02:22:00+00:00,134,1,1
234,0,2020-02-26 02:39:00+00:00,136,1,1
287,0;288,2020-02-26 03:48:00+00:00,156,2,2
237,236,2020-02-26 04:27:00+00:00,138,2,1
288,0,2020-02-26 04:45:00+00:00,156,1,1
4,0,2020-02-26 05:40:00+00:00,170,1,1
235,0,2020-02-26 05:41:00+00:00,137,1,1
236,0,2020-02-26 05:45:00+00:00,138,1,1
193,4,2020-02-26 06:07:00+00:00,116,2,1
0,136,2020-02-26 06:43:00+00:00,169,2,1
136,0,2020-02-26 07:32:00+00:00,169,1,1
0,288,2020-02-26 07:37:00+00:00,156,4,1
0,288,2020-02-26 07:37:00+00:00,158,3,1
0,288,2020-02-26 07:37:00+00:00,164,2,1
136,137,2020-02-26 07:59:00+00:00,72,1,1
284,0,2020-02-26 08:31:00+00:00,149,1,1
288,0,2020-02-26 09:04:00+00:00,156,3,1
288,0,2020-02-26 09:04:00+00:00,158,2,1
288,0,2020-02-26 09:04:00+00:00,164,1,1
285,0,2020-02-26 09:26:00+00:00,150,1,1
286,0,2020-02-26 09:38:00+00:00,151,1,1
0,4,2020-02-26 10:46:23+00:00,170,0,1
295,0;4,2020-02-26 10:59:00+00:00,163,1,2
289,4,2020-02-26 11:01:00+00:00,157,1,1
294,0,2020-02-26 11:10:00+00:00,162,1,1
291,0;292;293,2020-02-26 11:17:00+00:00,161,1,3
290,0,2020-02-26 11:47:00+00:00,160,1,1
288,0,2020-02-26 11:54:00+00:00,158,1,1
34,0,2020-02-26 12:26:00+00:00,159,1,1
0,136,2020-02-26 12:47:09+00:00,169,0,1
0,53,2020-02-26 14:23:22+00:00,168,0,1
0,160,2020-02-26 15:14:43+00:00,167,0,1
0,297,2020-02-26 15:17:35+00:00,166,0,1
0,33,2020-02-26 15:18:06+00:00,165,0,1
0,79,2020-02-26 15:18:25+00:00,211,0,1
0,35;81,2020-02-26 15:22:01+00:00,164,0,2
0,4,2020-02-26 16:27:37+00:00,163,0,1
0,4,2020-02-26 16:36:36+00:00,162,0,1
0,291;292;293,2020-02-26 16:37:50+00:00,161,0,3
0,4,2020-02-26 16:49:43+00:00,160,0,1
0,34,2020-02-26 17:33:08+00:00,159,0,1
0,79,2020-02-26 18:25:04+00:00,210,0,1
283,0,2020-02-26 18:27:00+00:00,148,1,1
0,21,2020-02-26 19:07:38+00:00,209,0,1
183,184,2020-02-26 19:15:00+00:00,114,2,1
0,35,2020-02-26 20:01:39+00:00,158,0,1
0,4,2020-02-26 20:29:21+00:00,157,0,1
287,0;35;288,2020-02-26 21:50:05+00:00,156,0,3
0,4,2020-02-27 00:22:28+00:00,155,0,1
0,4,2020-02-27 00:24:09+00:00,154,0,1
0,4,2020-02-27 00:24:48+00:00,153,0,1
195,0,2020-02-27 01:04:00+00:00,117,1,1
0,33,2020-02-27 01:24:59+00:00,152,0,1
217,160;218,2020-02-27 01:35:00+00:00,131,4,2
196,0;136,2020-02-27 01:55:00+00:00,118,1,2
198,0,2020-02-27 01:59:00+00:00,120,1,1
197,0,2020-02-27 02:03:00+00:00,119,1,1
131,0,2020-02-27 02:09:00+00:00,69,2,1
131,0,2020-02-27 02:09:00+00:00,121,1,1
201,136,2020-02-27 02:51:00+00:00,122,1,1
0,286,2020-02-27 02:57:57+00:00,151,0,1
0,285,2020-02-27 03:00:14+00:00,150,0,1
207,0,2020-02-27 03:25:00+00:00,124,1,1
0,284,2020-02-27 04:06:03+00:00,149,0,1
0,283,2020-02-27 04:27:18+00:00,148,0,1
209,0,2020-02-27 04:33:00+00:00,125,1,1
0,236,2020-02-27 04:34:46+00:00,138,0,1
0,4,2020-02-27 04:35:33+00:00,137,0,1
0,4,2020-02-27 04:44:07+00:00,136,0,1
29,0,2020-02-27 05:17:00+00:00,126,1,1
249,0;240;279,2020-02-27 05:27:00+00:00,147,1,3
210,0,2020-02-27 05:32:00+00:00,127,1,1
211,0,2020-02-27 05:36:00+00:00,128,1,1
215,0,2020-02-27 06:04:00+00:00,129,1,1
79,217,2020-02-27 06:39:00+00:00,131,3,1
79,217,2020-02-27 06:55:00+00:00,131,2,1
79,0,2020-02-27 07:12:00+00:00,131,1,1
220,0,2020-02-27 07:16:00+00:00,132,1,1
44,0;47;56;228,2020-02-27 07:55:00+00:00,135,1,4
141,0,2020-02-27 08:02:00+00:00,76,1,1
147,0,2020-02-27 08:51:00+00:00,77,1,1
182,0,2020-02-27 09:02:00+00:00,114,1,1
140,0,2020-02-27 09:07:00+00:00,75,1,1
269,241;245;246;270;271;272;273;274,2020-02-27 09:11:00+00:00,145,1,8
181,0,2020-02-27 09:45:00+00:00,113,1,1
192,0,2020-02-27 10:16:00+00:00,115,1,1
203,0,2020-02-27 10:39:00+00:00,123,1,1
178,0,2020-02-27 10:42:00+00:00,111,1,1
108,0,2020-02-27 11:40:00+00:00,52,1,1
281,249,2020-02-27 12:08:00+00:00,147,2,1
4,8,2020-02-27 12:19:00+00:00,116,1,1
0,4;43,2020-02-27 13:31:19+00:00,135,0,2
0,269,2020-02-27 15:45:23+00:00,145,0,1
0,4,2020-02-27 16:29:44+00:00,134,0,1
216,0,2020-02-27 17:48:00+00:00,130,1,1
0,4,2020-02-27 22:43:18+00:00,133,0,1
0,220,2020-02-28 00:47:19+00:00,132,0,1
152,17;80,2020-02-28 01:52:00+00:00,83,1,2
153,0;4,2020-02-28 02:23:00+00:00,84,2,2
4,8,2020-02-28 02:26:00+00:00,84,1,1
0,79,2020-02-28 02:32:50+00:00,131,0,1
0,216,2020-02-28 02:42:42+00:00,130,0,1
0,8,2020-02-28 02:43:32+00:00,129,0,1
0,8,2020-02-28 02:46:07+00:00,128,0,1
0,210,2020-02-28 02:49:34+00:00,127,0,1
0,249,2020-02-28 03:02:24+00:00,147,0,1
1203,1,2020-02-28 03:13:00+00:00,1178,3,1
0,29,2020-02-28 03:16:38+00:00,126,0,1
0,209,2020-02-28 03:42:11+00:00,125,0,1
0,207,2020-02-28 03:53:06+00:00,124,0,1
0,33,2020-02-28 03:54:22+00:00,123,0,1
0,79,2020-02-28 03:54:23+00:00,122,0,1
177,0,2020-02-28 03:56:00+00:00,106,1,1
0,131,2020-02-28 03:57:45+00:00,121,0,1
0,198,2020-02-28 04:04:26+00:00,120,0,1
0,197,2020-02-28 04:05:11+00:00,119,0,1
0,79,2020-02-28 04:07:36+00:00,118,0,1
0,33,2020-02-28 04:10:35+00:00,117,0,1
0,4,2020-02-28 04:13:52+00:00,116,0,1
0,4,2020-02-28 04:21:24+00:00,115,0,1
0,4,2020-02-28 04:23:12+00:00,114,0,1
0,181,2020-02-28 04:25:27+00:00,113,0,1
1203,1;1204,2020-02-28 05:13:00+00:00,1178,2,2
176,0,2020-02-28 06:11:00+00:00,104,1,1
131,0,2020-02-28 06:54:00+00:00,69,1,1
148,0,2020-02-28 07:36:00+00:00,78,1,1
21,0,2020-02-28 08:22:00+00:00,102,1,1
106,0,2020-02-28 09:00:00+00:00,51,1,1
149,0,2020-02-28 09:52:00+00:00,79,1,1
240,0;82;136;228;238;241;242;243;244;245;246;247;248;249;250;251;252;253;254;255;256;257;258;259;260;261,2020-02-28 10:23:00+00:00,143,2,26
240,0;82;228;238;241;242;244;247;248;249;250;251;252;253;254;255;256;257;258;259;260;261;265;266;267;268,2020-02-28 10:23:00+00:00,144,2,26
22,0,2020-02-28 10:34:00+00:00,80,1,1
150,0,2020-02-28 11:11:00+00:00,81,1,1
151,0,2020-02-28 11:14:00+00:00,82,1,1
0,4,2020-02-28 11:25:43+00:00,112,0,1
0,178,2020-02-28 11:50:04+00:00,111,0,1
291,0;292;293;440;514;515,2020-02-28 11:57:00+00:00,348,10,6
136,0,2020-02-28 12:56:00+00:00,144,1,1
0,4,2020-02-28 13:59:04+00:00,110,0,1
0,4,2020-02-28 16:21:22+00:00,109,0,1
0,33,2020-02-28 18:39:34+00:00,108,0,1
0,33,2020-02-28 18:41:02+00:00,107,0,1
0,33,2020-02-28 21:27:35+00:00,106,0,1
0,33,2020-02-28 21:54:13+00:00,105,0,1
1077,280,2020-02-28 21:58:00+00:00,1060,1,1
0,33,2020-02-28 23:18:10+00:00,104,0,1
0,1;175,2020-02-29 00:48:05+00:00,103,0,2
158,0,2020-02-29 02:29:00+00:00,86,3,1
164,0,2020-02-29 02:34:00+00:00,93,1,1
165,0,2020-02-29 03:06:00+00:00,94,1,1
0,21,2020-02-29 03:15:14+00:00,102,0,1
167,0;82,2020-02-29 03:55:00+00:00,96,1,2
109,0,2020-02-29 04:24:00+00:00,97,1,1
109,0,2020-02-29 05:01:00+00:00,98,1,1
170,0,2020-02-29 05:31:00+00:00,99,1,1
171,0,2020-02-29 05:50:00+00:00,100,1,1
0,158;159,2020-02-29 07:14:00+00:00,86,2,2
4,35;132;133,2020-02-29 07:53:00+00:00,70,2,3
4,35;132;133,2020-02-29 07:53:00+00:00,73,2,3
0,238,2020-02-29 08:20:00+00:00,141,2,1
158,0,2020-02-29 08:25:00+00:00,86,1,1
0,34,2020-02-29 08:42:00+00:00,87,2,1
156,155,2020-02-29 08:58:00+00:00,85,2,1
238,0,2020-02-29 09:31:00+00:00,141,3,1
155,0,2020-02-29 09:32:00+00:00,85,1,1
293,0,2020-02-29 09:43:00+00:00,1178,1,1
240,0,2020-02-29 10:03:00+00:00,142,1,1
34,0,2020-02-29 10:32:00+00:00,87,1,1
136,0,2020-02-29 10:48:00+00:00,143,1,1
0,173,2020-02-29 11:58:29+00:00,101,0,1
162,0,2020-02-29 12:39:00+00:00,89,0,1
163,0,2020-02-29 12:55:00+00:00,90,1,1
166,0,2020-02-29 15:13:00+00:00,95,1,1
0,33,2020-02-29 23:06:38+00:00,100,0,1
0,170,2020-02-29 23:29:47+00:00,99,0,1
0,109,2020-02-29 23:34:59+00:00,98,0,1
0,109,2020-02-29 23:40:04+00:00,97,0,1
0,167,2020-02-29 23:44:17+00:00,96,0,1
0,166,2020-02-29 23:54:27+00:00,95,0,1
0,165,2020-02-29 23:56:39+00:00,94,0,1
0,33,2020-03-01 00:12:45+00:00,93,0,1
0,33,2020-03-01 00:14:14+00:00,92,0,1
0,33,2020-03-01 00:27:04+00:00,91,0,1
0,33,2020-03-01 00:53:55+00:00,90,0,1
0,161,2020-03-01 01:05:03+00:00,88,0,1
0,34,2020-03-01 01:09:29+00:00,87,0,1
0,293,2020-03-01 01:17:02+00:00,1178,0,1
0,158,2020-03-01 01:27:44+00:00,86,0,1
127,0,2020-03-01 01:53:00+00:00,65,1,1
129,0,2020-03-01 01:57:00+00:00,66,1,1
105,0,2020-03-01 02:19:00+00:00,50,1,1
102,0,2020-03-01 02:36:00+00:00,47,1,1
103,0,2020-03-01 02:46:00+00:00,48,1,1
0,155,2020-03-01 02:58:01+00:00,85,0,1
277,0,2020-03-01 02:59:00+00:00,146,1,1
277,228,2020-03-01 02:59:00+00:00,146,2,1
122,0,2020-03-01 03:00:00+00:00,61,1,1
121,0,2020-03-01 03:11:00+00:00,60,1,1
0,4,2020-03-01 03:17:42+00:00,84,0,1
0,152,2020-03-01 03:24:03+00:00,83,0,1
0,136,2020-03-01 03:26:56+00:00,144,0,1
0,4,2020-03-01 03:49:28+00:00,82,0,1
0,33,2020-03-01 03:49:57+00:00,81,0,1
0,136,2020-03-01 03:55:20+00:00,143,0,1
0,22,2020-03-01 03:57:44+00:00,80,0,1
0,149,2020-03-01 04:01:29+00:00,79,0,1
0,148,2020-03-01 04:02:52+00:00,78,0,1
101,0,2020-03-01 04:06:00+00:00,55,1,1
0,147,2020-03-01 04:13:25+00:00,77,0,1
0,141,2020-03-01 04:14:20+00:00,76,0,1
112,0;113;114;115;116,2020-03-01 05:19:00+00:00,56,1,5
110,0,2020-03-01 05:30:00+00:00,54,1,1
101,0,2020-03-01 06:01:00+00:00,46,1,1
4,0,2020-03-01 06:58:00+00:00,70,1,1
4,0,2020-03-01 06:58:00+00:00,73,1,1
33,0,2020-03-01 07:06:00+00:00,141,1,1
135,0,2020-03-01 07:11:00+00:00,71,1,1
109,0,2020-03-01 08:48:00+00:00,53,1,1
1059,0,2020-03-01 09:44:00+00:00,1023,1,1
82,0,2020-03-01 10:09:00+00:00,67,1,1
104,0,2020-03-01 10:10:00+00:00,49,1,1
118,0,2020-03-01 10:15:00+00:00,57,1,1
119,0,2020-03-01 10:35:00+00:00,58,1,1
130,0,2020-03-01 10:45:00+00:00,68,1,1
120,0,2020-03-01 11:04:00+00:00,59,1,1
123,0,2020-03-01 11:27:00+00:00,62,1,1
0,139,2020-03-01 11:55:59+00:00,75,0,1
0,138,2020-03-01 12:01:19+00:00,74,0,1
0,4,2020-03-01 12:02:07+00:00,73,0,1
0,4,2020-03-01 12:03:24+00:00,72,0,1
0,135,2020-03-01 12:12:35+00:00,71,0,1
0,4,2020-03-01 12:39:59+00:00,70,0,1
124,0,2020-03-01 12:43:00+00:00,63,1,1
126,0,2020-03-01 12:59:00+00:00,64,1,1
0,4,2020-03-01 15:34:15+00:00,69,0,1
0,130,2020-03-01 15:48:15+00:00,68,0,1
0,82,2020-03-01 16:25:41+00:00,67,0,1
0,129,2020-03-01 19:21:51+00:00,66,0,1
0,33,2020-03-01 19:22:37+00:00,65,0,1
0,126,2020-03-01 19:30:12+00:00,64,0,1
0,124,2020-03-01 19:31:54+00:00,63,0,1
0,123,2020-03-01 19:49:51+00:00,62,0,1
0,277,2020-03-01 20:08:22+00:00,146,0,1
0,122,2020-03-01 20:09:38+00:00,61,0,1
0,121,2020-03-01 20:13:01+00:00,60,0,1
0,120,2020-03-01 20:17:45+00:00,59,0,1
0,8,2020-03-01 20:23:14+00:00,58,0,1
0,33,2020-03-01 20:32:36+00:00,57,0,1
0,112,2020-03-01 22:22:15+00:00,56,0,1
0,101,2020-03-01 22:29:32+00:00,55,0,1
0,110,2020-03-01 22:31:42+00:00,54,0,1
0,33,2020-03-01 22:32:44+00:00,53,0,1
0,240,2020-03-01 22:35:38+00:00,142,0,1
0,108,2020-03-01 22:44:16+00:00,52,0,1
0,106,2020-03-01 22:46:11+00:00,51,0,1
0,105,2020-03-01 22:47:57+00:00,50,0,1
0,8,2020-03-01 22:50:11+00:00,49,0,1
0,103,2020-03-01 22:52:21+00:00,48,0,1
0,33,2020-03-01 22:53:00+00:00,47,0,1
0,101,2020-03-01 23:25:39+00:00,46,0,1
0,33;238,2020-03-02 00:48:25+00:00,141,0,2
79,0;80,2020-03-02 03:16:00+00:00,37,1,2
30,0,2020-03-02 05:04:00+00:00,40,3,1
86,0;87;88;89;90;91;92;93,2020-03-02 05:29:00+00:00,45,1,8
29,0,2020-03-02 06:19:00+00:00,12,1,1
30,0,2020-03-02 07:22:00+00:00,40,2,1
21,238,2020-03-02 08:14:00+00:00,140,2,1
1,0,2020-03-02 08:30:00+00:00,38,1,1
136,238,2020-03-02 09:32:00+00:00,140,1,1
74,0,2020-03-02 10:25:00+00:00,33,1,1
0,82,2020-03-02 10:43:27+00:00,45,0,1
84,0,2020-03-02 10:49:00+00:00,41,1,1
73,0,2020-03-02 11:10:00+00:00,32,1,1
30,0,2020-03-02 11:41:00+00:00,40,1,1
0,21,2020-03-02 13:32:20+00:00,1060,0,1
0,33,2020-03-02 14:10:54+00:00,44,0,1
0,85,2020-03-02 14:20:56+00:00,43,0,1
0,4,2020-03-02 14:24:45+00:00,42,0,1
0,84,2020-03-02 17:26:54+00:00,41,0,1
0,30,2020-03-02 17:56:05+00:00,40,0,1
0,83,2020-03-03 00:06:49+00:00,39,0,1
71,0,2020-03-03 01:48:00+00:00,30,1,1
42,0,2020-03-03 02:11:00+00:00,25,1,1
0,81,2020-03-03 03:11:52+00:00,38,0,1
70,0,2020-03-03 03:26:00+00:00,29,1,1
0,136;238,2020-03-03 03:26:29+00:00,140,0,2
0,79,2020-03-03 03:40:19+00:00,37,0,1
750,0,2020-03-03 04:04:00+00:00,975,1,1
41,0,2020-03-03 04:17:00+00:00,24,1,1
69,0,2020-03-03 05:00:00+00:00,28,1,1
39,0,2020-03-03 05:37:00+00:00,22,1,1
75,0,2020-03-03 06:16:00+00:00,34,1,1
36,4,2020-03-03 06:45:00+00:00,18,2,1
36,4,2020-03-03 06:45:00+00:00,19,2,1
76,0,2020-03-03 07:12:00+00:00,35,1,1
76,0,2020-03-03 07:12:00+00:00,593,2,1
4,0,2020-03-03 08:06:00+00:00,18,1,1
4,0,2020-03-03 08:06:00+00:00,19,1,1
973,0,2020-03-03 08:22:00+00:00,887,1,1
38,0,2020-03-03 09:23:00+00:00,21,1,1
612,0,2020-03-03 09:31:00+00:00,815,1,1
1030,0,2020-03-03 09:37:00+00:00,981,1,1
37,0,2020-03-03 09:48:00+00:00,20,1,1
31,0,2020-03-03 09:59:00+00:00,14,3,1
0,31,2020-03-03 10:57:00+00:00,14,2,1
0,77,2020-03-03 10:57:14+00:00,36,0,1
1025,0,2020-03-03 11:04:00+00:00,976,1,1
36,4,2020-03-03 11:16:51+00:00,18,3,1
36,4,2020-03-03 11:16:51+00:00,19,3,1
72,0,2020-03-03 12:07:00+00:00,31,1,1
0,76,2020-03-03 13:10:22+00:00,35,0,1
0,4,2020-03-03 13:21:11+00:00,34,0,1
0,33,2020-03-03 13:51:29+00:00,33,0,1
0,33,2020-03-03 13:52:17+00:00,32,0,1
0,32,2020-03-03 13:53:42+00:00,31,0,1
0,32,2020-03-03 13:54:16+00:00,30,0,1
0,4,2020-03-03 13:55:34+00:00,29,0,1
0,33,2020-03-03 13:57:03+00:00,28,0,1
0,23,2020-03-03 17:42:58+00:00,27,0,1
0,43,2020-03-03 18:36:59+00:00,26,0,1
0,33,2020-03-03 22:50:07+00:00,25,0,1
0,41,2020-03-03 22:50:50+00:00,24,0,1
0,40,2020-03-03 22:51:35+00:00,23,0,1
0,4,2020-03-03 22:52:20+00:00,22,0,1
1064,0;86;87;89;91;92;93;99,2020-03-03 23:06:00+00:00,1041,2,8
1073,1072,2020-03-04 02:06:00+00:00,1052,1,1
0,38,2020-03-04 02:27:43+00:00,21,0,1
0,33,2020-03-04 02:55:36+00:00,20,0,1
0,4,2020-03-04 03:08:49+00:00,19,0,1
0,4,2020-03-04 03:09:35+00:00,18,0,1
1070,0,2020-03-04 04:24:00+00:00,1049,1,1
27,0,2020-03-04 04:26:00+00:00,11,1,1
27,0,2020-03-04 04:26:00+00:00,1050,1,1
31,0,2020-03-04 05:58:00+00:00,14,1,1
1076,0,2020-03-04 06:36:00+00:00,1058,1,1
1076,0,2020-03-04 06:42:00+00:00,1059,1,1
1071,0,2020-03-04 06:46:00+00:00,1051,1,1
19,0,2020-03-04 08:44:00+00:00,5,2,1
24,0,2020-03-04 08:56:00+00:00,8,1,1
20,0,2020-03-04 09:44:00+00:00,6,1,1
22,23,2020-03-04 09:45:00+00:00,7,1,1
19,0,2020-03-04 09:55:00+00:00,5,1,1
1072,0,2020-03-04 10:18:00+00:00,1052,0,1
9,0,2020-03-04 10:35:00+00:00,2,1,1
53,0,2020-03-04 11:12:00+00:00,814,1,1
0,4,2020-03-04 11:17:35+00:00,17,0,1
0,33,2020-03-04 11:19:08+00:00,16,0,1
0,32,2020-03-04 11:19:58+00:00,15,0,1
0,31,2020-03-04 11:21:47+00:00,14,0,1
15,16;17,2020-03-04 11:27:00+00:00,3,0,2
18,0,2020-03-04 12:19:00+00:00,4,1,1
0,30,2020-03-04 14:46:55+00:00,13,0,1
25,0,2020-03-04 18:59:00+00:00,9,1,1
7,8,2020-03-04 21:16:44+00:00,12,0,1
7,8,2020-03-04 21:27:42+00:00,11,0,1
0,26,2020-03-04 23:25:52+00:00,10,0,1
0,25,2020-03-05 00:10:39+00:00,9,0,1
0,24,2020-03-05 02:36:30+00:00,8,0,1
0,4,2020-03-05 02:47:27+00:00,7,0,1
0,20,2020-03-05 02:50:29+00:00,6,0,1
0,19,2020-03-05 02:59:22+00:00,5,0,1
0,18,2020-03-05 03:29:00+00:00,4,0,1
719,0,2020-03-05 07:02:00+00:00,1053,1,1
1075,0,2020-03-05 07:49:00+00:00,1053,3,1
209,0,2020-03-05 09:30:00+00:00,1054,1,1
1,0,2020-03-05 09:53:00+00:00,0,1,1
5,0,2020-03-05 09:53:00+00:00,1,1,1
926,0,2020-03-05 10:00:00+00:00,813,1,1
7,8,2020-03-05 21:27:53+00:00,2,0,1
82,0;80;101,2020-03-05 22:15:00+00:00,139,1,3
115,0,2020-03-06 02:12:00+00:00,1008,1,1
1049,0,2020-03-06 02:14:00+00:00,1009,1,1
0,5,2020-03-06 03:00:23+00:00,1,0,1
1069,0,2020-03-06 03:46:00+00:00,1047,1,1
0,80;82;101,2020-03-06 03:48:12+00:00,139,0,3
0,1,2020-03-06 03:49:45+00:00,0,0,1
0,209,2020-03-06 03:51:21+00:00,1054,0,1
0,1075,2020-03-06 03:56:47+00:00,1053,2,1
0,4;35,2020-03-06 03:57:38+00:00,1053,0,2
0,1071,2020-03-06 04:01:59+00:00,1051,0,1
0,35,2020-03-06 04:02:46+00:00,1059,0,1
0,35,2020-03-06 04:03:24+00:00,1058,0,1
0,81,2020-03-06 04:06:51+00:00,1050,0,1
0,33,2020-03-06 04:07:20+00:00,1049,0,1
291,0;292;293;440;514;515,2020-03-06 05:31:00+00:00,348,9,6
1068,4,2020-03-06 07:17:00+00:00,1046,1,1
1039,0,2020-03-06 07:22:00+00:00,994,1,1
1067,0,2020-03-06 07:47:00+00:00,1043,0,1
122,0,2020-03-06 08:18:00+00:00,1044,1,1
21,136,2020-03-06 08:46:00+00:00,776,2,1
21,0;136,2020-03-06 08:46:00+00:00,812,1,2
87,0,2020-03-06 10:02:00+00:00,1041,1,1
160,0,2020-03-06 10:20:00+00:00,1042,1,1
1060,0,2020-03-06 10:30:00+00:00,1028,1,1
0,122;475,2020-03-06 11:00:51+00:00,1048,0,2
0,33,2020-03-06 11:02:56+00:00,1047,0,1
122,475,2020-03-06 12:23:00+00:00,1048,1,1
0,4,2020-03-06 12:31:28+00:00,1046,0,1
0,298,2020-03-06 12:56:55+00:00,1045,0,1
0,122,2020-03-06 14:48:03+00:00,1044,0,1
0,160,2020-03-06 15:23:33+00:00,1042,0,1
0,87,2020-03-06 15:26:21+00:00,1041,0,1
0,101;292,2020-03-06 23:28:43+00:00,1040,0,2
0,32,2020-03-06 23:31:39+00:00,1039,0,1
0,32,2020-03-06 23:32:06+00:00,1038,0,1
0,32,2020-03-06 23:35:49+00:00,1037,0,1
0,35,2020-03-06 23:44:54+00:00,1036,0,1
1057,0,2020-03-07 01:34:00+00:00,1020,1,1
671,0;240,2020-03-07 03:18:00+00:00,916,1,2
1051,0,2020-03-07 03:31:00+00:00,1011,1,1
82,0;80,2020-03-07 03:40:00+00:00,998,1,2
1052,0,2020-03-07 04:42:00+00:00,1012,1,1
1053,0,2020-03-07 05:19:00+00:00,1013,1,1
925,0,2020-03-07 05:27:00+00:00,811,1,1
82,0;80,2020-03-07 06:37:00+00:00,1014,1,2
1063,0,2020-03-07 07:00:00+00:00,1032,1,1
479,0,2020-03-07 07:50:00+00:00,1034,1,1
479,0,2020-03-07 07:50:00+00:00,1035,1,1
139,0,2020-03-07 08:03:00+00:00,1033,1,1
1055,0,2020-03-07 08:06:00+00:00,1015,1,1
479,0,2020-03-07 08:20:00+00:00,1029,0,1
1050,0,2020-03-07 09:01:00+00:00,1010,1,1
136,596,2020-03-07 10:58:00+00:00,993,4,1
136,596,2020-03-07 11:07:00+00:00,993,3,1
1056,0,2020-03-07 11:10:00+00:00,1018,0,1
1058,0,2020-03-07 11:56:00+00:00,1021,1,1
1062,0,2020-03-07 12:18:00+00:00,1031,1,1
1061,0,2020-03-07 12:51:00+00:00,1030,1,1
0,479,2020-03-07 13:02:18+00:00,1035,0,1
0,33;80,2020-03-07 13:02:34+00:00,1034,0,2
0,139,2020-03-07 13:06:00+00:00,1033,0,1
0,81,2020-03-07 13:13:58+00:00,1032,0,1
0,1062,2020-03-07 13:21:56+00:00,1031,0,1
0,1061,2020-03-07 13:23:10+00:00,1030,0,1
0,1060,2020-03-07 13:25:29+00:00,1028,0,1
0,292,2020-03-07 14:07:07+00:00,1027,0,1
0,292,2020-03-07 14:11:12+00:00,1026,0,1
0,35;292,2020-03-07 14:12:07+00:00,1025,0,2
0,33,2020-03-07 14:17:55+00:00,1024,0,1
0,292,2020-03-07 16:16:57+00:00,1023,0,1
0,32,2020-03-07 16:19:16+00:00,1022,0,1
0,1058,2020-03-07 18:10:15+00:00,1021,0,1
0,33,2020-03-07 18:36:42+00:00,1020,0,1
0,32,2020-03-07 18:37:51+00:00,1019,0,1
0,80,2020-03-07 20:35:47+00:00,917,0,1
0,80,2020-03-07 21:15:52+00:00,1017,0,1
0,32,2020-03-07 22:06:39+00:00,1016,0,1
861,0,2020-03-08 01:28:00+00:00,982,1,1
0,4,2020-03-08 01:38:49+00:00,1057,0,1
596,136,2020-03-08 01:51:00+00:00,993,2,1
0,1055,2020-03-08 02:08:47+00:00,1015,0,1
136,0,2020-03-08 02:13:00+00:00,993,1,1
1040,0,2020-03-08 02:54:00+00:00,997,1,1
0,82,2020-03-08 02:57:55+00:00,1014,0,1
0,4,2020-03-08 02:59:37+00:00,1013,0,1
0,33,2020-03-08 03:00:50+00:00,1012,0,1
0,4,2020-03-08 03:06:52+00:00,1011,0,1
923,0,2020-03-08 03:10:00+00:00,809,1,1
0,1050,2020-03-08 03:23:05+00:00,1010,0,1
0,1049,2020-03-08 03:26:22+00:00,1009,0,1
53,0;6,2020-03-08 03:32:00+00:00,983,1,2
0,115,2020-03-08 03:34:45+00:00,1008,0,1
1033,0,2020-03-08 05:52:00+00:00,987,1,1
1032,0,2020-03-08 06:03:00+00:00,986,1,1
1035,0,2020-03-08 06:53:00+00:00,989,1,1
1034,0,2020-03-08 07:02:00+00:00,988,1,1
1038,0,2020-03-08 07:26:00+00:00,992,1,1
1037,0,2020-03-08 07:59:00+00:00,991,1,1
1036,0,2020-03-08 08:01:00+00:00,990,1,1
1043,0,2020-03-08 09:04:00+00:00,1000,1,1
1031,0,2020-03-08 09:36:00+00:00,985,1,1
794,0,2020-03-08 09:48:00+00:00,984,1,1
1042,0,2020-03-08 10:13:00+00:00,999,1,1
1028,136,2020-03-08 10:48:00+00:00,980,2,1
924,0,2020-03-08 10:53:00+00:00,810,1,1
1040,0,2020-03-08 11:17:00+00:00,997,2,1
0,32,2020-03-08 11:39:47+00:00,1007,0,1
0,33,2020-03-08 11:40:53+00:00,1006,0,1
0,32,2020-03-08 11:41:41+00:00,1005,0,1
0,671,2020-03-08 13:02:09+00:00,916,0,1
0,80,2020-03-08 13:04:10+00:00,1004,0,1
0,1044,2020-03-08 13:23:28+00:00,1003,0,1
0,33,2020-03-08 13:50:00+00:00,1002,0,1
0,4;35;82,2020-03-08 13:59:21+00:00,1001,0,3
0,6;228;240,2020-03-08 14:29:44+00:00,1000,0,3
0,33,2020-03-08 14:30:13+00:00,999,0,1
0,746,2020-03-08 17:06:22+00:00,998,0,1
0,1040,2020-03-08 18:55:46+00:00,997,0,1
0,33,2020-03-08 22:56:20+00:00,996,0,1
0,6;228;240;249;557,2020-03-08 23:55:07+00:00,995,0,5
0,1039,2020-03-09 00:37:42+00:00,994,0,1
0,33;136;208,2020-03-09 00:45:58+00:00,993,0,3
21,136,2020-03-09 01:01:00+00:00,968,1,1
0,33,2020-03-09 01:19:21+00:00,992,0,1
0,1037,2020-03-09 01:23:24+00:00,991,0,1
0,33,2020-03-09 01:24:37+00:00,990,0,1
0,33,2020-03-09 01:30:35+00:00,989,0,1
0,1034,2020-03-09 01:32:20+00:00,988,0,1
0,33,2020-03-09 01:32:52+00:00,987,0,1
0,81,2020-03-09 01:33:55+00:00,986,0,1
0,33,2020-03-09 01:37:26+00:00,985,0,1
0,794,2020-03-09 01:49:23+00:00,984,0,1
0,53,2020-03-09 02:59:07+00:00,983,0,1
0,861,2020-03-09 03:04:02+00:00,982,0,1
0,316;475;1030,2020-03-09 03:10:28+00:00,981,0,3
1024,0,2020-03-09 04:06:00+00:00,967,1,1
1014,0,2020-03-09 04:24:00+00:00,953,1,1
136,0;208;596,2020-03-09 05:29:00+00:00,980,1,3
1022,0,2020-03-09 05:42:00+00:00,961,1,1
30,0,2020-03-09 05:47:00+00:00,960,1,1
817,0;136,2020-03-09 05:57:00+00:00,958,2,2
1015,0,2020-03-09 07:10:00+00:00,955,1,1
676,0,2020-03-09 07:59:00+00:00,959,1,1
136,0;817,2020-03-09 08:25:00+00:00,958,1,2
1027,0,2020-03-09 08:43:00+00:00,978,1,1
1026,0,2020-03-09 09:00:00+00:00,977,1,1
1016,1017,2020-03-09 09:05:00+00:00,955,2,1
1019,0,2020-03-09 09:16:00+00:00,957,1,1
1018,0,2020-03-09 09:20:00+00:00,956,1,1
0,33,2020-03-09 09:57:48+00:00,980,0,1
980,0,2020-03-09 10:10:00+00:00,895,1,1
1005,0,2020-03-09 10:33:00+00:00,929,2,1
0,417,2020-03-09 10:49:10+00:00,979,0,1
933,4,2020-03-09 11:48:00+00:00,837,5,1
0,81,2020-03-09 12:57:57+00:00,978,0,1
0,1026,2020-03-09 13:18:02+00:00,977,0,1
0,1025,2020-03-09 16:02:31+00:00,976,0,1
0,750,2020-03-09 16:07:16+00:00,975,0,1
0,23,2020-03-09 17:16:15+00:00,974,0,1
0,101;292,2020-03-09 17:18:14+00:00,973,0,2
0,292,2020-03-09 17:19:45+00:00,972,0,1
0,1;2,2020-03-09 17:22:31+00:00,971,0,2
0,32,2020-03-09 17:23:24+00:00,970,0,1
0,23,2020-03-09 17:49:31+00:00,969,0,1
0,21,2020-03-09 18:23:56+00:00,968,0,1
7,8,2020-03-09 20:13:17+00:00,967,0,1
0,417,2020-03-09 23:21:36+00:00,966,0,1
0,101;292,2020-03-09 23:22:39+00:00,965,0,2
0,4,2020-03-09 23:43:06+00:00,964,0,1
0,1023,2020-03-09 23:53:18+00:00,963,0,1
0,81,2020-03-09 23:56:50+00:00,962,0,1
0,35;1022,2020-03-10 00:26:59+00:00,961,0,2
0,30,2020-03-10 00:30:13+00:00,960,0,1
0,676,2020-03-10 00:47:56+00:00,959,0,1
0,136;817,2020-03-10 00:58:15+00:00,958,0,2
996,0,2020-03-10 01:40:00+00:00,919,1,1
1012,0,2020-03-10 01:45:00+00:00,949,1,1
0,81,2020-03-10 02:09:14+00:00,957,0,1
0,82,2020-03-10 02:11:06+00:00,956,0,1
0,81,2020-03-10 02:20:57+00:00,955,0,1
1011,0,2020-03-10 05:03:00+00:00,947,1,1
958,228,2020-03-10 05:58:15+00:00,918,2,1
228,0;6,2020-03-10 06:39:00+00:00,918,1,2
349,0;228,2020-03-10 09:54:00+00:00,915,1,2
0,33,2020-03-10 10:16:29+00:00,954,0,1
0,1014,2020-03-10 10:45:53+00:00,953,0,1
933,4,2020-03-10 11:08:00+00:00,837,4,1
851,0,2020-03-10 11:33:00+00:00,713,1,1
1013,0,2020-03-10 12:05:00+00:00,951,1,1
0,33,2020-03-10 15:13:29+00:00,952,0,1
0,483,2020-03-10 15:59:26+00:00,1056,0,1
0,558,2020-03-10 16:21:12+00:00,951,0,1
0,33,2020-03-10 16:26:19+00:00,950,0,1
0,1012,2020-03-10 17:46:08+00:00,949,0,1
0,996,2020-03-10 17:54:45+00:00,919,0,1
0,292,2020-03-10 17:56:17+00:00,948,0,1
0,548,2020-03-10 18:57:59+00:00,1055,0,1
7,8,2020-03-10 21:25:59+00:00,947,0,1
0,8,2020-03-11 01:38:17+00:00,946,0,1
0,228;349,2020-03-11 01:59:54+00:00,915,0,2
0,6;228,2020-03-11 02:58:28+00:00,918,0,2
1010,0,2020-03-11 07:39:00+00:00,938,1,1
1007,0,2020-03-11 09:54:00+00:00,930,1,1
0,101,2020-03-11 10:12:10+00:00,945,0,1
0,32,2020-03-11 10:15:22+00:00,944,0,1
0,32,2020-03-11 10:19:13+00:00,943,0,1
0,33,2020-03-11 10:19:56+00:00,942,0,1
0,33,2020-03-11 10:20:35+00:00,941,0,1
0,33,2020-03-11 10:21:19+00:00,940,0,1
0,33,2020-03-11 10:23:48+00:00,939,0,1
0,238,2020-03-11 10:28:35+00:00,914,0,1
0,101,2020-03-11 11:53:45+00:00,938,0,1
0,33,2020-03-11 22:34:29+00:00,937,0,1
0,1009,2020-03-11 22:35:29+00:00,936,0,1
0,33,2020-03-11 23:08:05+00:00,935,0,1
0,81,2020-03-11 23:08:46+00:00,934,0,1
0,1008,2020-03-11 23:10:18+00:00,933,0,1
0,81,2020-03-11 23:14:07+00:00,932,0,1
0,1238,2020-03-11 23:30:25+00:00,1192,0,1
1001,0,2020-03-12 06:44:00+00:00,925,1,1
1002,0,2020-03-12 06:55:00+00:00,926,1,1
1003,0,2020-03-12 07:04:00+00:00,927,1,1
21,136,2020-03-12 07:18:00+00:00,924,1,1
693,136,2020-03-12 07:57:00+00:00,923,3,1
136,693,2020-03-12 08:07:00+00:00,923,2,1
136,0;21,2020-03-12 08:22:00+00:00,923,1,2
82,249,2020-03-12 08:23:00+00:00,913,1,1
933,4,2020-03-12 08:55:00+00:00,837,3,1
1005,0,2020-03-12 09:12:00+00:00,929,1,1
990,0,2020-03-12 10:17:00+00:00,905,1,1
0,33,2020-03-12 10:23:36+00:00,931,0,1
0,1007,2020-03-12 10:48:06+00:00,930,0,1
997,0,2020-03-12 11:02:00+00:00,921,1,1
998,0,2020-03-12 11:16:00+00:00,922,1,1
7,0;1005,2020-03-12 14:09:11+00:00,929,0,2
0,1004,2020-03-12 18:22:38+00:00,928,0,1
0,79,2020-03-12 23:06:46+00:00,927,0,1
0,101,2020-03-12 23:07:14+00:00,926,0,1
0,101,2020-03-12 23:10:14+00:00,925,0,1
0,21;136,2020-03-12 23:20:57+00:00,924,0,2
0,21;136,2020-03-13 01:23:58+00:00,923,0,2
0,82,2020-03-13 01:26:08+00:00,913,0,1
989,0,2020-03-13 01:53:00+00:00,904,1,1
0,101,2020-03-13 03:18:51+00:00,922,0,1
0,101,2020-03-13 03:19:54+00:00,921,0,1
933,4,2020-03-13 03:27:00+00:00,837,2,1
932,4;933,2020-03-13 03:30:00+00:00,837,1,2
291,0;208;292;293;440;514;515,2020-03-13 06:45:00+00:00,348,8,7
988,0,2020-03-13 08:23:00+00:00,903,1,1
0,33,2020-03-13 10:26:43+00:00,920,0,1
575,0,2020-03-13 11:06:00+00:00,406,2,1
0,101,2020-03-13 11:18:58+00:00,912,0,1
0,991,2020-03-13 11:22:03+00:00,911,0,1
0,32,2020-03-13 13:09:39+00:00,910,0,1
0,33,2020-03-13 13:10:05+00:00,909,0,1
0,33;292,2020-03-13 13:16:52+00:00,908,0,2
0,32,2020-03-13 13:18:32+00:00,907,0,1
0,32,2020-03-13 13:23:12+00:00,906,0,1
7,0;990,2020-03-13 15:52:12+00:00,905,0,2
7,0;989,2020-03-13 17:54:56+00:00,904,0,2
0,988,2020-03-14 00:32:38+00:00,903,0,1
877,0;878;879,2020-03-14 05:53:00+00:00,742,2,3
984,0,2020-03-14 06:44:00+00:00,899,1,1
985,0,2020-03-14 07:45:00+00:00,900,1,1
877,878;879;880;881,2020-03-14 07:48:00+00:00,742,1,4
969,0,2020-03-14 08:26:00+00:00,882,1,1
987,0,2020-03-14 08:33:00+00:00,902,1,1
970,0,2020-03-14 09:00:00+00:00,883,1,1
986,0,2020-03-14 09:04:00+00:00,901,1,1
136,0,2020-03-14 09:38:00+00:00,881,1,1
0,877;878;879;880;881,2020-03-14 12:37:15+00:00,742,0,5
0,987,2020-03-14 12:58:29+00:00,902,0,1
0,986,2020-03-14 13:05:46+00:00,901,0,1
0,985,2020-03-14 13:09:28+00:00,900,0,1
0,984,2020-03-14 13:10:59+00:00,899,0,1
0,983,2020-03-14 17:12:23+00:00,898,0,1
0,982,2020-03-14 17:14:36+00:00,897,0,1
0,981,2020-03-14 17:15:38+00:00,896,0,1
287,0;980,2020-03-14 17:49:09+00:00,895,0,2
0,33,2020-03-14 19:22:47+00:00,894,0,1
0,979,2020-03-14 23:11:42+00:00,893,0,1
0,33,2020-03-14 23:15:18+00:00,892,0,1
0,32,2020-03-14 23:16:32+00:00,891,0,1
0,292,2020-03-14 23:18:47+00:00,890,0,1
0,978,2020-03-14 23:19:29+00:00,889,0,1
0,977,2020-03-14 23:19:57+00:00,888,0,1
0,973,2020-03-14 23:21:17+00:00,887,0,1
0,33,2020-03-14 23:22:43+00:00,886,0,1
0,972,2020-03-14 23:23:16+00:00,885,0,1
0,971,2020-03-14 23:24:11+00:00,884,0,1
0,101,2020-03-15 01:00:13+00:00,883,0,1
0,969,2020-03-15 01:11:43+00:00,882,0,1
6,0,2020-03-15 01:38:00+00:00,869,1,1
959,0,2020-03-15 01:44:00+00:00,868,1,1
0,136,2020-03-15 01:58:46+00:00,881,0,1
123,0,2020-03-15 02:20:00+00:00,866,2,1
0,123,2020-03-15 02:46:00+00:00,866,1,1
693,0,2020-03-15 08:02:00+00:00,842,1,1
941,0,2020-03-15 09:15:00+00:00,844,1,1
939,0,2020-03-15 09:25:00+00:00,843,1,1
79,0,2020-03-15 10:13:00+00:00,839,1,1
918,136,2020-03-15 11:08:00+00:00,840,2,1
220,0,2020-03-15 12:18:00+00:00,818,2,1
220,0,2020-03-15 12:18:00+00:00,819,1,1
0,32,2020-03-15 13:15:29+00:00,880,0,1
0,968,2020-03-15 13:28:21+00:00,879,0,1
0,967,2020-03-15 14:17:01+00:00,878,0,1
0,966,2020-03-15 15:57:34+00:00,877,0,1
0,965,2020-03-15 15:57:49+00:00,876,0,1
0,4,2020-03-15 16:02:05+00:00,875,0,1
0,964,2020-03-15 17:17:01+00:00,874,0,1
0,963,2020-03-15 17:21:50+00:00,873,0,1
0,962,2020-03-15 17:28:26+00:00,872,0,1
0,961,2020-03-15 17:29:23+00:00,871,0,1
0,960,2020-03-15 17:30:08+00:00,870,0,1
0,6,2020-03-15 18:32:34+00:00,869,0,1
0,81,2020-03-15 18:33:06+00:00,868,0,1
0,958,2020-03-15 19:02:32+00:00,867,0,1
0,123,2020-03-15 19:08:54+00:00,866,0,1
0,957,2020-03-15 19:33:20+00:00,865,0,1
0,956,2020-03-15 22:52:24+00:00,864,0,1
0,955,2020-03-15 22:56:55+00:00,863,0,1
0,8,2020-03-15 22:57:17+00:00,862,0,1
0,954,2020-03-15 22:58:06+00:00,861,0,1
0,953,2020-03-15 22:58:19+00:00,860,0,1
0,952,2020-03-15 22:58:40+00:00,859,0,1
0,951,2020-03-15 23:00:03+00:00,858,0,1
0,950,2020-03-15 23:01:28+00:00,857,0,1
0,949,2020-03-15 23:02:51+00:00,856,0,1
0,948,2020-03-15 23:04:54+00:00,855,0,1
0,101;292,2020-03-15 23:06:03+00:00,854,0,2
0,947,2020-03-15 23:09:26+00:00,853,0,1
0,292,2020-03-15 23:09:44+00:00,852,0,1
0,946,2020-03-15 23:11:49+00:00,851,0,1
0,945,2020-03-15 23:37:15+00:00,850,0,1
0,944,2020-03-15 23:37:43+00:00,849,0,1
0,4,2020-03-15 23:38:20+00:00,848,0,1
0,943,2020-03-16 02:43:39+00:00,847,0,1
0,942,2020-03-16 02:48:23+00:00,846,0,1
0,101,2020-03-16 02:52:40+00:00,845,0,1
320,4,2020-03-16 03:19:00+00:00,822,2,1
4,0,2020-03-16 03:22:00+00:00,822,1,1
899,904,2020-03-16 03:35:00+00:00,780,3,1
123,0,2020-03-16 04:13:00+00:00,823,1,1
502,899,2020-03-16 06:17:00+00:00,780,2,1
79,0,2020-03-16 06:53:00+00:00,818,1,1
929,0,2020-03-16 07:00:00+00:00,821,1,1
82,136,2020-03-16 07:00:00+00:00,840,1,1
136,918,2020-03-16 08:14:00+00:00,800,5,1
928,0,2020-03-16 08:14:00+00:00,817,1,1
136,918,2020-03-16 08:43:00+00:00,800,3,1
918,136,2020-03-16 09:10:00+00:00,800,6,1
918,136,2020-03-16 09:16:00+00:00,800,4,1
927,0,2020-03-16 09:44:00+00:00,816,1,1
0,81,2020-03-16 10:07:03+00:00,843,0,1
0,101,2020-03-16 10:07:03+00:00,844,0,1
0,82,2020-03-16 10:07:04+00:00,842,0,1
0,101,2020-03-16 10:09:17+00:00,841,0,1
0,82;136,2020-03-16 11:03:39+00:00,840,0,2
0,81,2020-03-16 11:54:30+00:00,839,0,1
0,934,2020-03-16 16:55:29+00:00,838,0,1
0,4,2020-03-16 16:56:53+00:00,837,0,1
0,4,2020-03-16 16:58:37+00:00,836,0,1
0,101,2020-03-16 17:00:10+00:00,835,0,1
0,79,2020-03-16 17:04:59+00:00,834,0,1
0,82,2020-03-16 17:12:18+00:00,833,0,1
0,33,2020-03-16 17:19:42+00:00,832,0,1
0,676,2020-03-16 17:33:40+00:00,831,0,1
0,79,2020-03-16 17:34:42+00:00,830,0,1
0,4,2020-03-16 17:36:16+00:00,829,0,1
0,931,2020-03-16 17:45:28+00:00,828,0,1
0,79,2020-03-16 18:23:32+00:00,827,0,1
0,6;228,2020-03-16 18:31:15+00:00,826,0,2
0,238;279,2020-03-16 18:53:22+00:00,741,0,2
0,930,2020-03-16 20:23:09+00:00,825,0,1
0,33,2020-03-16 21:17:06+00:00,824,0,1
0,123,2020-03-16 21:17:44+00:00,823,0,1
0,4,2020-03-16 21:28:51+00:00,822,0,1
0,929,2020-03-16 23:19:56+00:00,821,0,1
0,101,2020-03-16 23:40:27+00:00,820,0,1
0,220,2020-03-17 00:22:45+00:00,819,0,1
0,79,2020-03-17 00:23:16+00:00,818,0,1
0,928,2020-03-17 00:27:13+00:00,817,0,1
0,4,2020-03-17 01:46:44+00:00,816,0,1
0,612,2020-03-17 02:48:31+00:00,815,0,1
0,53,2020-03-17 02:53:27+00:00,814,0,1
0,81,2020-03-17 02:54:15+00:00,813,0,1
0,101,2020-03-17 02:59:48+00:00,812,0,1
0,925,2020-03-17 03:00:44+00:00,811,0,1
0,101,2020-03-17 03:02:00+00:00,810,0,1
0,101,2020-03-17 03:04:31+00:00,809,0,1
550,0,2020-03-17 07:00:00+00:00,808,1,1
918,136,2020-03-17 10:15:00+00:00,800,2,1
922,0,2020-03-17 10:26:00+00:00,806,1,1
0,884,2020-03-17 11:17:11+00:00,744,0,1
0,4,2020-03-17 11:30:48+00:00,808,0,1
0,4,2020-03-17 14:42:33+00:00,807,0,1
287,0;4;292,2020-03-17 18:13:38+00:00,806,0,3
907,132;219,2020-03-18 03:27:00+00:00,785,2,2
907,132;219,2020-03-18 03:27:00+00:00,786,3,2
907,132;219,2020-03-18 03:27:00+00:00,788,3,2
920,0,2020-03-18 03:52:00+00:00,802,1,1
921,0,2020-03-18 04:01:00+00:00,803,1,1
919,0,2020-03-18 04:07:00+00:00,801,1,1
907,219,2020-03-18 04:10:58+00:00,785,1,1
907,219,2020-03-18 04:10:58+00:00,786,2,1
907,219,2020-03-18 04:10:58+00:00,788,2,1
732,0,2020-03-18 05:24:00+00:00,563,1,1
80,0,2020-03-18 05:51:00+00:00,781,0,1
80,0,2020-03-18 05:51:00+00:00,799,0,1
917,136,2020-03-18 06:49:00+00:00,800,1,1
909,0,2020-03-18 08:16:00+00:00,789,1,1
136,0,2020-03-18 09:25:00+00:00,786,1,1
136,0,2020-03-18 09:25:00+00:00,788,1,1
912,0,2020-03-18 09:51:00+00:00,792,1,1
911,0,2020-03-18 09:52:00+00:00,791,1,1
910,0,2020-03-18 09:58:00+00:00,790,1,1
908,0,2020-03-18 10:11:00+00:00,787,1,1
733,0,2020-03-18 11:24:00+00:00,564,1,1
0,6;228;558,2020-03-18 18:27:08+00:00,805,0,3
0,101,2020-03-18 19:07:06+00:00,804,0,1
0,101,2020-03-18 20:05:50+00:00,803,0,1
0,81,2020-03-18 20:07:28+00:00,802,0,1
0,101,2020-03-18 20:09:47+00:00,801,0,1
0,917,2020-03-18 23:03:32+00:00,800,0,1
0,824,2020-03-18 23:50:23+00:00,798,0,1
0,916,2020-03-18 23:52:29+00:00,797,0,1
0,915,2020-03-18 23:52:49+00:00,796,0,1
0,32,2020-03-18 23:54:24+00:00,795,0,1
0,914,2020-03-18 23:55:14+00:00,794,0,1
0,913,2020-03-18 23:56:42+00:00,793,0,1
0,101,2020-03-19 01:53:32+00:00,792,0,1
0,101,2020-03-19 01:54:06+00:00,791,0,1
0,101,2020-03-19 01:59:12+00:00,790,0,1
0,909,2020-03-19 02:05:42+00:00,789,0,1
0,4,2020-03-19 02:07:41+00:00,788,0,1
0,81,2020-03-19 02:12:30+00:00,787,0,1
0,136,2020-03-19 02:13:35+00:00,786,0,1
0,907,2020-03-19 02:20:05+00:00,785,0,1
0,6;228;558,2020-03-19 02:33:41+00:00,784,0,3
101,0,2020-03-19 03:11:00+00:00,776,1,1
898,0,2020-03-19 03:59:00+00:00,779,1,1
655,0,2020-03-19 05:13:00+00:00,497,2,1
136,0,2020-03-19 09:31:00+00:00,778,3,1
899,0,2020-03-19 09:33:00+00:00,780,1,1
0,136,2020-03-19 10:54:00+00:00,778,2,1
0,267,2020-03-19 12:29:22+00:00,783,0,1
0,161,2020-03-19 12:30:51+00:00,782,0,1
0,899,2020-03-20 02:39:21+00:00,780,0,1
0,898,2020-03-20 03:01:09+00:00,779,0,1
291,0;80;208;292;293;440;514;515,2020-03-20 04:54:00+00:00,348,7,8
136,0,2020-03-20 05:29:00+00:00,778,1,1
558,0,2020-03-20 07:36:00+00:00,745,1,1
897,0,2020-03-20 09:20:00+00:00,774,1,1
0,136,2020-03-20 10:42:16+00:00,778,0,1
0,81,2020-03-20 10:56:52+00:00,777,0,1
0,101,2020-03-20 11:52:45+00:00,776,0,1
0,6;228;558,2020-03-20 22:45:24+00:00,775,0,3
0,558,2020-03-20 23:47:21+00:00,745,0,1
0,897,2020-03-21 02:19:38+00:00,774,0,1
465,875,2020-03-21 05:25:00+00:00,738,2,1
715,714;719;721;723,2020-03-21 09:29:00+00:00,553,20,4
720,0,2020-03-21 10:11:00+00:00,764,1,1
0,896,2020-03-21 11:19:19+00:00,773,0,1
0,824,2020-03-21 11:35:58+00:00,772,0,1
0,895,2020-03-21 11:37:38+00:00,771,0,1
0,824,2020-03-21 11:38:11+00:00,770,0,1
0,855,2020-03-21 11:38:39+00:00,769,0,1
0,4,2020-03-21 11:39:16+00:00,768,0,1
0,894,2020-03-21 11:42:07+00:00,767,0,1
0,101;292,2020-03-21 11:44:54+00:00,766,0,2
0,893,2020-03-21 11:48:05+00:00,765,0,1
7,8,2020-03-21 16:43:19+00:00,764,0,1
0,33;292;417,2020-03-21 22:13:34+00:00,763,0,3
0,32,2020-03-21 22:13:55+00:00,762,0,1
0,292,2020-03-21 22:17:02+00:00,761,0,1
0,228,2020-03-21 23:02:34+00:00,760,0,1
329,484,2020-03-22 01:21:00+00:00,756,1,1
1,0;2,2020-03-22 01:24:00+00:00,757,1,2
715,719,2020-03-22 03:16:00+00:00,553,18,1
716,715,2020-03-22 05:01:00+00:00,553,17,1
0,892,2020-03-22 05:29:11+00:00,759,0,1
82,136,2020-03-22 07:10:00+00:00,751,1,1
889,0,2020-03-22 07:23:00+00:00,754,1,1
298,0,2020-03-22 07:33:00+00:00,753,1,1
123,0,2020-03-22 08:25:00+00:00,752,1,1
874,0,2020-03-22 09:31:00+00:00,737,0,1
883,0,2020-03-22 12:30:00+00:00,743,1,1
715,714;719,2020-03-22 12:35:00+00:00,553,19,2
0,891,2020-03-22 14:58:06+00:00,758,0,1
0,1,2020-03-22 17:28:59+00:00,757,0,1
0,329,2020-03-22 17:29:47+00:00,756,0,1
0,890,2020-03-22 21:23:08+00:00,755,0,1
0,101,2020-03-22 23:06:12+00:00,743,0,1
0,889,2020-03-22 23:27:37+00:00,754,0,1
0,298,2020-03-23 00:51:49+00:00,753,0,1
0,123,2020-03-23 00:56:30+00:00,752,0,1
870,0,2020-03-23 01:03:00+00:00,734,1,1
0,82,2020-03-23 01:23:55+00:00,751,0,1
0,376,2020-03-23 01:37:39+00:00,750,0,1
136,322,2020-03-23 05:17:00+00:00,639,5,1
721,715,2020-03-23 07:37:00+00:00,553,16,1
886,0,2020-03-23 08:53:00+00:00,747,1,1
885,0,2020-03-23 08:56:00+00:00,746,1,1
550,4,2020-03-23 09:26:00+00:00,704,2,1
876,0,2020-03-23 09:33:00+00:00,739,1,1
870,871,2020-03-23 09:49:00+00:00,734,2,1
875,0;16,2020-03-23 09:57:00+00:00,738,1,2
0,824,2020-03-23 11:32:09+00:00,749,0,1
873,0,2020-03-23 11:46:00+00:00,736,1,1
0,887,2020-03-23 12:25:31+00:00,748,0,1
0,886,2020-03-23 12:58:16+00:00,747,0,1
0,43,2020-03-23 12:58:59+00:00,746,0,1
0,558,2020-03-23 13:02:15+00:00,740,0,1
0,33,2020-03-23 13:40:42+00:00,739,0,1
0,16,2020-03-23 14:47:18+00:00,738,0,1
0,873,2020-03-23 16:48:31+00:00,736,0,1
0,872,2020-03-23 18:09:12+00:00,735,0,1
0,870,2020-03-23 18:14:25+00:00,734,0,1
0,43,2020-03-23 19:16:17+00:00,733,0,1
0,4,2020-03-23 19:45:21+00:00,732,0,1
860,0,2020-03-24 01:46:00+00:00,726,1,1
0,123,2020-03-24 01:57:00+00:00,723,2,1
0,123,2020-03-24 01:57:00+00:00,724,1,1
715,721,2020-03-24 02:17:00+00:00,553,14,1
123,0,2020-03-24 02:17:00+00:00,723,1,1
123,0,2020-03-24 02:17:00+00:00,724,0,1
855,0,2020-03-24 04:22:00+00:00,718,1,1
715,717;718;721,2020-03-24 06:02:00+00:00,553,13,3
34,832;834,2020-03-24 07:26:00+00:00,702,11,2
832,34;833;834;835,2020-03-24 07:34:00+00:00,702,10,4
721,715,2020-03-24 07:36:00+00:00,553,15,1
665,34;832;834;835,2020-03-24 07:41:00+00:00,702,9,4
34,665;832;834;835,2020-03-24 07:48:00+00:00,702,8,4
34,832;833;834;835,2020-03-24 08:00:00+00:00,702,7,4
859,0,2020-03-24 08:59:00+00:00,725,1,1
868,4,2020-03-24 09:05:00+00:00,730,2,1
634,0,2020-03-24 09:37:00+00:00,730,1,1
35,8;440,2020-03-24 10:16:00+00:00,729,2,2
44,0;4;45;46;50;51;52;53;56;57;58;59;60;62;64;65;66;67;68;86;228;229;230;412;862;863;864;865,2020-03-24 10:59:00+00:00,728,1,28
792,0,2020-03-24 11:19:00+00:00,642,1,1
867,0,2020-03-24 11:27:00+00:00,729,1,1
0,682,2020-03-24 11:47:49+00:00,731,0,1
861,0,2020-03-24 12:22:00+00:00,727,1,1
322,136,2020-03-24 12:58:00+00:00,639,4,1
0,634,2020-03-24 14:12:54+00:00,730,0,1
0,792,2020-03-24 15:26:47+00:00,642,0,1
0,4,2020-03-24 15:32:02+00:00,729,0,1
0,43,2020-03-24 15:33:11+00:00,728,0,1
0,101,2020-03-24 16:27:17+00:00,727,0,1
509,0,2020-03-24 17:48:57+00:00,726,0,1
0,101,2020-03-25 01:53:06+00:00,725,0,1
730,729,2020-03-25 03:57:00+00:00,562,2,1
852,4,2020-03-25 04:24:00+00:00,715,3,1
729,0,2020-03-25 04:27:00+00:00,562,1,1
34,665;833;834;835,2020-03-25 05:07:00+00:00,702,6,4
858,0,2020-03-25 07:58:00+00:00,722,0,1
856,0,2020-03-25 08:39:00+00:00,719,0,1
665,34;832;834;835,2020-03-25 09:24:00+00:00,702,5,4
35,0,2020-03-25 09:29:00+00:00,721,1,1
854,0,2020-03-25 09:50:00+00:00,717,1,1
0,123,2020-03-25 10:27:40+00:00,723,0,1
857,0,2020-03-25 10:35:00+00:00,720,1,1
0,35,2020-03-25 13:57:28+00:00,721,0,1
86,89;90;93;413,2020-03-25 14:16:00+00:00,651,5,4
0,857,2020-03-25 15:01:21+00:00,720,0,1
0,855,2020-03-25 17:20:55+00:00,718,0,1
0,854,2020-03-26 02:27:28+00:00,717,0,1
136,322,2020-03-26 04:25:00+00:00,639,3,1
398,849,2020-03-26 04:53:00+00:00,711,4,1
853,0,2020-03-26 05:02:00+00:00,716,1,1
558,0,2020-03-26 05:40:00+00:00,628,1,1
34,665;832;833;834;835,2020-03-26 06:52:00+00:00,702,4,5
4,0,2020-03-26 09:08:00+00:00,715,1,1
849,398,2020-03-26 09:23:00+00:00,711,3,1
0,4,2020-03-26 10:42:30+00:00,716,0,1
742,158,2020-03-26 12:59:00+00:00,574,3,1
0,4,2020-03-26 13:25:30+00:00,715,0,1
0,238,2020-03-26 16:19:31+00:00,714,0,1
322,136,2020-03-27 03:54:00+00:00,639,2,1
507,136;487,2020-03-27 06:03:00+00:00,639,1,2
35,8,2020-03-27 06:11:00+00:00,701,0,1
34,665;832;833;834;835,2020-03-27 06:18:00+00:00,702,3,5
79,665,2020-03-27 06:23:00+00:00,702,2,1
79,0;4,2020-03-27 06:24:00+00:00,702,1,2
132,66;219;583;773;840;841;842;843;844;845,2020-03-27 06:32:00+00:00,708,1,10
291,0;12;80;208;292;293;440;514;515,2020-03-27 07:39:00+00:00,348,6,9
848,0,2020-03-27 10:28:00+00:00,710,1,1
509,0,2020-03-27 11:23:56+00:00,639,0,1
398,849,2020-03-27 11:24:00+00:00,711,2,1
398,0,2020-03-27 11:27:00+00:00,711,1,1
850,0,2020-03-27 11:30:00+00:00,712,1,1
0,607,2020-03-27 11:55:00+00:00,432,1,1
0,77,2020-03-27 13:30:18+00:00,713,0,1
0,101,2020-03-27 15:56:36+00:00,712,0,1
0,398,2020-03-27 15:57:33+00:00,711,0,1
0,848,2020-03-27 17:48:31+00:00,710,0,1
0,4,2020-03-27 21:51:23+00:00,709,0,1
836,0,2020-03-28 01:14:00+00:00,703,1,1
728,0,2020-03-28 01:57:00+00:00,561,1,1
174,484,2020-03-28 02:57:00+00:00,700,1,1
830,0,2020-03-28 03:20:00+00:00,699,1,1
727,0,2020-03-28 03:48:00+00:00,560,1,1
839,35,2020-03-28 06:17:00+00:00,706,2,1
550,0,2020-03-28 07:27:00+00:00,707,1,1
4,0,2020-03-28 07:28:00+00:00,704,1,1
497,0;208;292,2020-03-28 10:55:00+00:00,705,1,3
35,0,2020-03-28 11:16:00+00:00,706,1,1
0,132,2020-03-28 12:29:31+00:00,708,0,1
509,0,2020-03-28 14:18:32+00:00,707,0,1
0,35,2020-03-28 16:19:28+00:00,706,0,1
0,208;292,2020-03-28 17:00:15+00:00,705,0,2
0,550,2020-03-28 17:15:57+00:00,704,0,1
0,81,2020-03-28 17:17:12+00:00,703,0,1
0,79,2020-03-28 17:52:04+00:00,702,0,1
0,276;293,2020-03-28 19:00:32+00:00,700,0,2
0,830,2020-03-28 19:26:52+00:00,699,0,1
0,829,2020-03-28 21:31:25+00:00,698,0,1
0,329,2020-03-28 21:58:32+00:00,697,0,1
0,511,2020-03-28 23:01:58+00:00,696,0,1
715,716;717;718,2020-03-29 04:47:00+00:00,553,12,3
828,0,2020-03-29 07:21:00+00:00,695,1,1
827,0,2020-03-29 08:53:00+00:00,691,1,1
0,4,2020-03-29 11:23:39+00:00,695,0,1
0,824,2020-03-29 15:24:55+00:00,694,0,1
0,4,2020-03-29 15:25:38+00:00,693,0,1
0,292;824,2020-03-29 15:31:58+00:00,692,0,2
0,827,2020-03-30 02:06:21+00:00,691,0,1
734,0,2020-03-30 02:48:00+00:00,565,1,1
825,0,2020-03-30 03:45:00+00:00,686,1,1
791,0,2020-03-30 05:10:00+00:00,641,1,1
411,0,2020-03-30 05:43:00+00:00,687,1,1
826,0,2020-03-30 08:18:00+00:00,688,1,1
139,0,2020-03-30 09:38:00+00:00,566,1,1
0,824,2020-03-30 10:05:28+00:00,690,0,1
0,4,2020-03-30 10:06:00+00:00,689,0,1
736,0,2020-03-30 10:17:00+00:00,567,1,1
0,4,2020-03-30 12:23:38+00:00,688,0,1
0,791,2020-03-31 01:57:13+00:00,641,0,1
0,411,2020-03-31 02:02:50+00:00,687,0,1
0,825,2020-03-31 02:07:49+00:00,686,0,1
101,0,2020-03-31 05:04:00+00:00,682,1,1
86,47;87,2020-03-31 09:17:00+00:00,651,4,2
0,824,2020-03-31 11:23:59+00:00,685,0,1
0,824,2020-03-31 11:24:50+00:00,684,0,1
0,4,2020-03-31 11:25:55+00:00,683,0,1
7,8,2020-03-31 21:07:00+00:00,682,0,1
724,0,2020-04-01 03:43:00+00:00,670,1,1
818,714,2020-04-01 05:46:00+00:00,665,2,1
819,0,2020-04-01 07:19:00+00:00,667,1,1
739,0,2020-04-01 09:35:00+00:00,570,1,1
549,0,2020-04-01 09:48:00+00:00,680,1,1
0,824,2020-04-01 10:26:32+00:00,681,0,1
0,578,2020-04-01 11:08:00+00:00,679,2,1
578,0,2020-04-01 11:15:00+00:00,679,1,1
0,549;823,2020-04-01 14:04:37+00:00,680,0,2
0,578,2020-04-01 16:01:03+00:00,679,0,1
0,4;43,2020-04-01 16:02:51+00:00,678,0,2
86,47;87,2020-04-01 16:42:00+00:00,651,3,2
0,66,2020-04-01 19:59:55+00:00,675,0,1
0,240,2020-04-01 20:54:57+00:00,677,0,1
0,637,2020-04-01 21:51:34+00:00,676,0,1
101,8,2020-04-02 01:01:00+00:00,666,1,1
715,716;717;718,2020-04-02 01:29:00+00:00,553,11,3
0,298,2020-04-02 02:15:42+00:00,674,0,1
737,0,2020-04-02 04:04:00+00:00,568,1,1
715,637;716;717;718;719;720,2020-04-02 05:34:00+00:00,553,10,6
714,0,2020-04-02 06:05:00+00:00,665,1,1
822,0,2020-04-02 06:34:00+00:00,673,1,1
240,671;790,2020-04-02 06:46:00+00:00,640,1,2
816,0,2020-04-02 09:58:00+00:00,664,1,1
0,77,2020-04-02 10:58:08+00:00,640,0,1
0,4,2020-04-02 10:58:29+00:00,673,0,1
815,0,2020-04-02 11:10:00+00:00,661,1,1
0,4,2020-04-02 11:28:32+00:00,672,0,1
0,292,2020-04-02 12:59:53+00:00,671,0,1
0,724,2020-04-02 13:21:29+00:00,670,0,1
0,821,2020-04-02 17:02:41+00:00,669,0,1
0,820,2020-04-02 17:29:05+00:00,668,0,1
0,819,2020-04-02 21:14:40+00:00,667,0,1
0,8;101,2020-04-02 21:52:30+00:00,666,0,2
0,714,2020-04-02 23:50:04+00:00,665,0,1
0,816,2020-04-03 01:53:59+00:00,664,0,1
0,558,2020-04-03 02:10:12+00:00,663,0,1
0,611,2020-04-03 02:40:47+00:00,662,0,1
750,0,2020-04-03 03:34:00+00:00,621,1,1
798,0,2020-04-03 06:55:00+00:00,647,1,1
158,0,2020-04-03 08:21:00+00:00,574,2,1
291,0;12;80;208;292;440;514;515,2020-04-03 08:54:00+00:00,348,5,8
0,815,2020-04-03 11:07:58+00:00,661,0,1
714,0,2020-04-03 12:36:00+00:00,622,1,1
788,0,2020-04-03 12:54:00+00:00,638,1,1
86,47;87;99,2020-04-03 14:18:00+00:00,651,2,3
0,814,2020-04-03 20:29:45+00:00,660,0,1
0,813,2020-04-03 20:42:08+00:00,659,0,1
809,0,2020-04-04 05:44:00+00:00,652,1,1
810,0,2020-04-04 09:04:00+00:00,653,1,1
0,43,2020-04-04 15:18:14+00:00,658,0,1
0,35,2020-04-04 16:25:36+00:00,657,0,1
0,4,2020-04-04 16:42:38+00:00,656,0,1
0,812,2020-04-04 19:42:37+00:00,655,0,1
0,811,2020-04-04 19:50:32+00:00,654,0,1
0,810,2020-04-05 01:54:27+00:00,653,0,1
0,809,2020-04-05 01:57:37+00:00,652,0,1
795,0,2020-04-05 05:25:00+00:00,645,1,1
804,0,2020-04-05 07:28:00+00:00,650,1,1
715,716;717;718,2020-04-05 08:45:00+00:00,553,9,3
592,0,2020-04-05 09:23:00+00:00,420,3,1
86,0,2020-04-05 11:37:00+00:00,651,1,1
796,0,2020-04-05 11:45:00+00:00,646,0,1
0,82,2020-04-05 15:59:51+00:00,651,0,1
240,4;136,2020-04-06 01:36:00+00:00,633,3,2
724,0,2020-04-06 02:08:00+00:00,555,2,1
0,43,2020-04-06 02:27:39+00:00,650,0,1
715,716;717;718,2020-04-06 05:22:00+00:00,553,8,3
799,0,2020-04-06 08:34:00+00:00,648,1,1
803,0,2020-04-06 09:35:00+00:00,649,1,1
766,768,2020-04-06 12:16:00+00:00,623,4,1
768,766,2020-04-06 12:23:00+00:00,623,3,1
768,766,2020-04-06 12:41:00+00:00,623,2,1
0,803,2020-04-06 13:40:45+00:00,649,0,1
0,79,2020-04-06 14:57:23+00:00,648,0,1
0,797,2020-04-06 16:41:38+00:00,647,0,1
0,795,2020-04-06 17:30:06+00:00,645,0,1
768,766;1306,2020-04-06 21:07:00+00:00,623,1,2
753,0,2020-04-07 01:31:00+00:00,592,1,1
698,4,2020-04-07 03:07:00+00:00,545,4,1
636,0,2020-04-07 04:56:00+00:00,478,1,1
765,0,2020-04-07 06:46:00+00:00,617,1,1
715,716;717,2020-04-07 08:19:00+00:00,553,7,2
793,0,2020-04-07 09:07:00+00:00,643,2,1
764,761;762,2020-04-07 09:26:00+00:00,615,3,2
764,761,2020-04-07 09:26:00+00:00,616,2,1
761,764,2020-04-07 09:31:00+00:00,615,2,1
761,764,2020-04-07 09:31:00+00:00,616,1,1
7,8,2020-04-07 09:33:00+00:00,643,1,1
766,0;767,2020-04-07 09:39:00+00:00,623,0,2
0,770,2020-04-07 09:50:00+00:00,626,2,1
0,770,2020-04-07 09:50:00+00:00,627,2,1
761,0,2020-04-07 10:19:00+00:00,615,1,1
761,0,2020-04-07 10:19:00+00:00,616,0,1
541,0,2020-04-07 11:04:00+00:00,620,1,1
4,0,2020-04-07 11:09:00+00:00,619,1,1
758,0,2020-04-07 11:30:00+00:00,611,0,1
760,0,2020-04-07 11:53:00+00:00,614,1,1
0,794,2020-04-07 13:01:12+00:00,644,0,1
0,4,2020-04-07 13:42:04+00:00,643,0,1
0,714,2020-04-07 14:47:59+00:00,622,0,1
0,788,2020-04-07 14:48:49+00:00,638,0,1
0,750,2020-04-07 14:51:59+00:00,621,0,1
0,541,2020-04-07 15:24:35+00:00,620,0,1
0,4,2020-04-07 15:45:18+00:00,619,0,1
0,80,2020-04-07 17:12:39+00:00,618,0,1
7,0;765,2020-04-07 22:58:33+00:00,617,0,2
162,0,2020-04-08 01:25:00+00:00,613,0,1
0,761,2020-04-08 03:06:30+00:00,615,0,1
76,0,2020-04-08 04:36:00+00:00,593,1,1
35,0,2020-04-08 05:13:00+00:00,545,3,1
715,716;717;718,2020-04-08 05:53:00+00:00,553,6,3
686,687,2020-04-08 07:37:00+00:00,533,2,1
4,79;160,2020-04-08 08:56:00+00:00,612,3,2
79,4,2020-04-08 09:03:00+00:00,612,2,1
4,0,2020-04-08 09:20:00+00:00,612,1,1
349,280,2020-04-08 09:59:00+00:00,636,1,1
0,760,2020-04-08 10:42:24+00:00,614,0,1
541,0,2020-04-08 12:39:00+00:00,610,1,1
79,0,2020-04-08 12:58:00+00:00,609,1,1
0,4,2020-04-08 13:23:07+00:00,612,0,1
0,280,2020-04-08 13:49:56+00:00,637,0,1
0,4,2020-04-08 14:38:40+00:00,636,0,1
0,541,2020-04-08 16:59:29+00:00,610,0,1
0,79,2020-04-08 17:25:25+00:00,609,0,1
0,66,2020-04-08 17:28:01+00:00,608,0,1
0,43,2020-04-08 20:57:55+00:00,607,0,1
0,4,2020-04-08 20:58:55+00:00,606,0,1
0,554,2020-04-08 21:17:42+00:00,605,0,1
0,279,2020-04-09 00:14:10+00:00,635,0,1
670,4;240,2020-04-09 03:13:00+00:00,633,2,2
122,0;4;82,2020-04-09 03:50:00+00:00,601,1,3
757,0,2020-04-09 05:49:00+00:00,604,1,1
0,4,2020-04-09 10:17:45+00:00,604,0,1
35,0,2020-04-09 10:23:00+00:00,594,1,1
749,0,2020-04-09 10:31:00+00:00,590,1,1
87,0;534,2020-04-09 11:01:00+00:00,559,1,2
0,4;35,2020-04-09 20:48:20+00:00,634,0,2
0,160,2020-04-09 20:51:32+00:00,603,0,1
0,4,2020-04-09 21:18:14+00:00,602,0,1
509,0,2020-04-09 21:24:50+00:00,601,0,1
0,4,2020-04-10 01:37:52+00:00,600,0,1
715,716;717;718,2020-04-10 01:53:00+00:00,553,3,3
3,0,2020-04-10 05:16:00+00:00,595,1,1
769,0,2020-04-10 06:01:00+00:00,625,1,1
716,715;717;718,2020-04-10 07:27:00+00:00,553,5,3
240,0;4;77;80;82;136;228;263;275;277;339;350;358;555;579;580;670;671;672;778;779;780;781;782;783,2020-04-10 07:27:00+00:00,633,1,25
715,716;717;718,2020-04-10 08:05:00+00:00,553,4,3
291,0;12;80;293;514;515,2020-04-10 08:22:00+00:00,348,4,6
755,0,2020-04-10 10:20:00+00:00,598,0,1
755,0,2020-04-10 10:20:00+00:00,599,1,1
0,755,2020-04-10 15:10:47+00:00,599,0,1
0,136,2020-04-11 03:05:04+00:00,633,0,1
105,0,2020-04-11 04:50:00+00:00,586,1,1
769,0,2020-04-11 06:31:00+00:00,624,1,1
666,79,2020-04-11 07:04:00+00:00,632,3,1
676,0,2020-04-11 12:08:00+00:00,596,1,1
676,0,2020-04-11 12:08:00+00:00,597,0,1
0,676,2020-04-11 16:30:40+00:00,596,0,1
0,3,2020-04-11 18:35:53+00:00,595,0,1
0,769,2020-04-11 19:26:02+00:00,625,0,1
0,35,2020-04-11 19:27:03+00:00,594,0,1
0,76,2020-04-11 19:50:06+00:00,593,0,1
0,753,2020-04-11 19:56:00+00:00,592,0,1
0,750,2020-04-11 20:04:03+00:00,591,0,1
0,4,2020-04-11 20:08:26+00:00,590,0,1
0,4,2020-04-11 20:14:53+00:00,589,0,1
0,550,2020-04-11 20:22:40+00:00,588,0,1
0,748,2020-04-11 20:25:18+00:00,587,0,1
509,0,2020-04-11 22:02:38+00:00,586,0,1
509,0,2020-04-11 22:08:16+00:00,585,0,1
0,769,2020-04-11 23:21:25+00:00,624,0,1
745,0,2020-04-12 01:05:00+00:00,578,1,1
158,0,2020-04-12 01:06:00+00:00,576,3,1
158,0,2020-04-12 01:06:00+00:00,577,3,1
0,158,2020-04-12 01:09:00+00:00,576,2,1
0,158,2020-04-12 01:09:00+00:00,577,2,1
158,0,2020-04-12 01:10:00+00:00,576,1,1
158,0,2020-04-12 01:10:00+00:00,577,1,1
0,79,2020-04-12 01:55:00+00:00,632,1,1
80,0,2020-04-12 02:24:00+00:00,572,1,1
79,0,2020-04-12 02:55:00+00:00,571,3,1
0,4,2020-04-12 02:57:51+00:00,584,0,1
0,79,2020-04-12 03:01:00+00:00,571,2,1
79,0,2020-04-12 03:27:00+00:00,571,1,1
740,0,2020-04-12 03:35:00+00:00,572,2,1
747,0,2020-04-12 04:53:00+00:00,582,1,1
0,35,2020-04-12 07:20:00+00:00,545,2,1
158,0,2020-04-12 08:47:00+00:00,574,1,1
240,0;77;80;136;244;277;555;579;670;671;672,2020-04-12 08:59:00+00:00,513,3,11
240,0;77;80;136;244;277;350;555;579;670;671;672,2020-04-12 08:59:00+00:00,514,5,12
240,0;77;80;136;244;277;350;555;579;670;671;672,2020-04-12 08:59:00+00:00,631,1,12
0,292,2020-04-12 09:27:00+00:00,555,1,1
726,0,2020-04-12 09:31:00+00:00,558,1,1
744,158,2020-04-12 10:31:00+00:00,576,6,1
744,158,2020-04-12 10:31:00+00:00,577,6,1
744,158,2020-04-12 10:31:00+00:00,579,3,1
743,0,2020-04-12 10:56:00+00:00,575,2,1
79,0,2020-04-12 10:59:00+00:00,632,2,1
660,0,2020-04-12 11:02:00+00:00,503,1,1
35,8,2020-04-12 11:26:00+00:00,575,1,1
122,4;82,2020-04-12 11:31:00+00:00,554,2,2
158,0,2020-04-12 12:26:00+00:00,576,5,1
158,0,2020-04-12 12:26:00+00:00,577,5,1
158,0,2020-04-12 12:26:00+00:00,579,2,1
0,101,2020-04-12 12:27:36+00:00,583,0,1
0,81,2020-04-12 12:28:27+00:00,582,0,1
0,548,2020-04-12 12:30:19+00:00,581,0,1
0,548;746,2020-04-12 12:30:56+00:00,580,0,2
0,158,2020-04-12 12:44:00+00:00,576,4,1
0,158,2020-04-12 12:44:00+00:00,577,4,1
158,0,2020-04-12 12:45:00+00:00,579,1,1
0,158,2020-04-12 17:07:23+00:00,579,0,1
0,745,2020-04-12 17:08:21+00:00,578,0,1
0,158,2020-04-12 17:10:22+00:00,577,0,1
0,158,2020-04-12 17:12:57+00:00,576,0,1
0,8;35,2020-04-12 17:27:46+00:00,575,0,2
0,158,2020-04-12 18:12:01+00:00,574,0,1
0,741,2020-04-12 18:19:06+00:00,573,0,1
0,80,2020-04-12 18:25:39+00:00,572,0,1
0,79,2020-04-12 19:29:52+00:00,571,0,1
0,739,2020-04-12 19:41:04+00:00,570,0,1
0,738,2020-04-12 19:42:21+00:00,569,0,1
0,737,2020-04-12 20:07:20+00:00,568,0,1
0,736,2020-04-12 20:18:33+00:00,567,0,1
0,139,2020-04-12 20:19:01+00:00,566,0,1
0,734,2020-04-12 20:21:16+00:00,565,0,1
0,733,2020-04-12 22:17:08+00:00,564,0,1
0,732,2020-04-12 22:18:05+00:00,563,0,1
0,729,2020-04-12 22:38:10+00:00,562,0,1
0,82,2020-04-12 22:44:30+00:00,628,0,1
0,728,2020-04-12 22:58:02+00:00,561,0,1
0,727,2020-04-12 23:00:07+00:00,560,0,1
0,4,2020-04-12 23:20:22+00:00,559,0,1
0,79,2020-04-13 00:32:55+00:00,632,0,1
0,77,2020-04-13 01:14:17+00:00,631,0,1
0,33,2020-04-13 01:37:27+00:00,558,0,1
713,0,2020-04-13 02:30:00+00:00,552,1,1
35,0,2020-04-13 04:06:00+00:00,545,1,1
707,708,2020-04-13 05:36:00+00:00,548,1,1
725,0,2020-04-13 06:07:00+00:00,557,1,1
509,0,2020-04-13 07:10:00+00:00,554,1,1
715,716,2020-04-13 08:45:00+00:00,553,2,1
0,725,2020-04-13 10:16:00+00:00,557,0,1
712,0,2020-04-13 12:34:00+00:00,551,1,1
714,0,2020-04-13 12:50:00+00:00,553,1,1
0,292,2020-04-13 14:37:16+00:00,555,0,1
0,122,2020-04-13 15:25:44+00:00,554,0,1
0,714,2020-04-14 02:03:49+00:00,553,0,1
0,713,2020-04-14 02:13:45+00:00,552,0,1
0,101,2020-04-14 03:29:04+00:00,551,0,1
108,0,2020-04-14 04:11:00+00:00,372,2,1
688,0,2020-04-14 04:24:00+00:00,534,1,1
700,4;701;702;703;704;705,2020-04-14 04:43:00+00:00,547,1,6
174,0,2020-04-14 04:46:00+00:00,535,1,1
137,0,2020-04-14 05:16:00+00:00,549,1,1
174,484,2020-04-14 08:52:00+00:00,536,1,1
699,0,2020-04-14 10:23:00+00:00,546,1,1
0,711,2020-04-14 14:32:21+00:00,550,0,1
0,4,2020-04-14 16:15:32+00:00,549,0,1
0,101,2020-04-14 17:55:46+00:00,548,0,1
0,4,2020-04-15 01:35:53+00:00,547,0,1
0,699,2020-04-15 01:44:02+00:00,546,0,1
0,35,2020-04-15 02:32:49+00:00,545,0,1
695,136;329;674;696,2020-04-15 04:10:00+00:00,542,2,4
136,0,2020-04-15 04:54:00+00:00,542,1,1
770,0,2020-04-15 04:55:00+00:00,626,1,1
770,0,2020-04-15 04:55:00+00:00,627,1,1
691,0,2020-04-15 05:29:00+00:00,537,1,1
6,482,2020-04-15 06:16:00+00:00,544,1,1
692,0,2020-04-15 07:18:00+00:00,538,1,1
174,484,2020-04-15 08:59:00+00:00,540,0,1
340,132;251;582;583;584;773;774,2020-04-15 10:20:00+00:00,630,3,7
693,0;208,2020-04-15 10:21:00+00:00,539,1,2
219,0;21;80;136;674,2020-04-15 10:44:00+00:00,630,2,5
0,6;482,2020-04-15 10:45:28+00:00,544,0,2
136,0;21;80;219;674,2020-04-15 10:57:00+00:00,630,1,5
0,66,2020-04-15 15:57:38+00:00,543,0,1
0,4,2020-04-15 22:26:51+00:00,542,0,1
0,101,2020-04-15 22:28:57+00:00,627,0,1
0,770,2020-04-15 22:29:20+00:00,626,0,1
0,219,2020-04-16 01:58:31+00:00,541,0,1
0,693,2020-04-16 02:35:18+00:00,539,0,1
0,692,2020-04-16 02:50:34+00:00,538,0,1
0,101,2020-04-16 02:51:30+00:00,537,0,1
0,21;80;136;219;674,2020-04-16 03:00:26+00:00,630,0,5
680,681,2020-04-16 03:12:00+00:00,530,1,1
136,0,2020-04-16 05:02:00+00:00,531,1,1
685,683,2020-04-16 06:08:00+00:00,532,3,1
683,682,2020-04-16 06:53:00+00:00,532,2,1
682,0;6,2020-04-16 07:54:00+00:00,532,1,2
686,687,2020-04-16 08:09:00+00:00,533,1,1
0,292,2020-04-16 11:24:00+00:00,536,0,1
0,174,2020-04-16 11:33:57+00:00,535,0,1
0,688,2020-04-16 11:35:55+00:00,534,0,1
0,686,2020-04-16 12:37:38+00:00,533,0,1
678,0,2020-04-17 01:46:00+00:00,521,1,1
0,6;682,2020-04-17 02:28:05+00:00,532,0,2
160,0,2020-04-17 02:42:00+00:00,522,1,1
0,136,2020-04-17 02:45:01+00:00,531,0,1
0,35,2020-04-17 02:48:07+00:00,530,0,1
679,0,2020-04-17 05:53:00+00:00,529,1,1
291,0;12;80;208;292;293;440;514;515,2020-04-17 06:15:00+00:00,348,3,9
398,35,2020-04-17 06:49:00+00:00,526,1,1
659,0,2020-04-17 07:51:00+00:00,502,0,1
675,0,2020-04-17 08:57:00+00:00,517,1,1
0,101,2020-04-17 10:15:13+00:00,529,0,1
676,6,2020-04-17 11:16:00+00:00,518,1,1
676,0;6,2020-04-17 11:16:00+00:00,519,2,2
677,676,2020-04-17 11:54:00+00:00,519,1,1
0,53,2020-04-17 16:00:09+00:00,528,0,1
0,4,2020-04-17 18:45:56+00:00,527,0,1
0,35;398,2020-04-18 13:46:56+00:00,526,0,2
0,6;228;240;558,2020-04-18 18:30:03+00:00,523,0,4
0,772,2020-04-18 18:55:23+00:00,629,0,1
0,160,2020-04-18 19:21:39+00:00,522,0,1
0,101,2020-04-18 19:30:56+00:00,521,0,1
0,124,2020-04-18 19:34:53+00:00,520,0,1
0,677,2020-04-18 19:40:55+00:00,519,0,1
0,676,2020-04-18 19:46:44+00:00,518,0,1
0,101,2020-04-18 19:51:12+00:00,517,0,1
0,660,2020-04-18 19:56:13+00:00,503,0,1
0,4,2020-04-18 20:12:02+00:00,479,0,1
0,101,2020-04-18 20:35:32+00:00,516,0,1
0,292,2020-04-18 20:40:34+00:00,478,0,1
0,4;122,2020-04-18 22:21:02+00:00,477,0,2
0,558,2020-04-18 22:21:37+00:00,509,0,1
509,0,2020-04-19 01:23:00+00:00,476,0,1
0,635,2020-04-19 03:29:42+00:00,475,0,1
77,0,2020-04-19 04:24:00+00:00,514,4,1
592,0,2020-04-19 05:04:00+00:00,420,2,1
136,77,2020-04-19 05:04:00+00:00,514,3,1
77,136,2020-04-19 05:13:00+00:00,514,2,1
599,0,2020-04-19 05:18:00+00:00,458,1,1
595,136;605,2020-04-19 05:20:00+00:00,427,2,2
595,136;605,2020-04-19 05:20:00+00:00,472,2,2
77,0,2020-04-19 06:11:00+00:00,514,1,1
367,0,2020-04-19 06:28:00+00:00,470,1,1
367,0,2020-04-19 06:28:00+00:00,471,1,1
4,0;35,2020-04-19 07:01:00+00:00,474,2,2
35,0;4,2020-04-19 07:06:00+00:00,474,1,2
595,136,2020-04-19 09:08:00+00:00,472,1,1
0,77;136,2020-04-19 09:30:00+00:00,513,2,2
136,0;77,2020-04-19 09:38:00+00:00,513,1,2
0,77;136,2020-04-19 09:41:00+00:00,513,0,2
122,0;4,2020-04-19 11:45:00+00:00,469,1,2
0,4;35,2020-04-20 01:22:40+00:00,474,0,2
0,633,2020-04-20 01:25:42+00:00,473,0,1
0,77,2020-04-20 01:34:55+00:00,514,0,1
509,0,2020-04-20 01:56:21+00:00,472,0,1
509,0,2020-04-20 01:58:31+00:00,471,0,1
0,367,2020-04-20 02:39:49+00:00,470,0,1
627,0,2020-04-20 03:00:00+00:00,457,1,1
667,666,2020-04-20 03:00:00+00:00,511,5,1
666,79;132;219,2020-04-20 04:28:00+00:00,511,4,3
79,8,2020-04-20 04:40:00+00:00,511,3,1
0,8;35,2020-04-20 04:52:00+00:00,511,1,2
35,8;79,2020-04-20 04:52:00+00:00,511,2,2
136,0;77,2020-04-20 04:59:00+00:00,512,1,2
619,34;79,2020-04-20 05:21:00+00:00,454,3,2
639,0,2020-04-20 06:16:00+00:00,484,1,1
79,0,2020-04-20 07:55:00+00:00,468,1,1
270,0,2020-04-20 10:07:00+00:00,510,1,1
509,0,2020-04-20 11:14:21+00:00,469,0,1
0,548;634,2020-04-20 11:53:00+00:00,510,2,2
0,79,2020-04-20 11:58:51+00:00,468,0,1
0,77;136,2020-04-20 12:01:43+00:00,512,0,2
0,139,2020-04-20 14:22:57+00:00,467,0,1
0,4,2020-04-20 15:03:51+00:00,466,0,1
0,630,2020-04-20 17:29:37+00:00,465,0,1
0,4,2020-04-20 20:43:18+00:00,464,0,1
0,35,2020-04-20 23:05:49+00:00,511,0,1
0,77,2020-04-20 23:24:58+00:00,463,0,1
623,79,2020-04-21 01:24:00+00:00,455,3,1
0,78,2020-04-21 01:58:00+00:00,447,0,1
341,270,2020-04-21 02:44:00+00:00,504,5,1
80,79;623,2020-04-21 02:48:00+00:00,455,2,2
0,122,2020-04-21 02:52:55+00:00,462,0,1
0,80,2020-04-21 03:05:43+00:00,510,0,1
558,0;6,2020-04-21 03:23:00+00:00,508,0,2
3,0;79;80;82;291;292;514;516,2020-04-21 03:27:00+00:00,453,1,8
558,0,2020-04-21 03:28:00+00:00,506,2,1
0,78,2020-04-21 03:43:00+00:00,506,1,1
270,79,2020-04-21 03:46:00+00:00,504,4,1
624,625,2020-04-21 04:03:00+00:00,455,4,1
6,0;558,2020-04-21 04:06:00+00:00,507,1,2
87,136,2020-04-21 04:10:00+00:00,448,3,1
79,619,2020-04-21 04:41:00+00:00,454,2,1
4,0,2020-04-21 04:41:00+00:00,455,1,1
79,0,2020-04-21 04:43:00+00:00,454,1,1
0,645,2020-04-21 05:06:00+00:00,485,4,1
613,0,2020-04-21 05:38:00+00:00,442,1,1
645,643,2020-04-21 05:45:00+00:00,485,3,1
619,79,2020-04-21 05:54:00+00:00,446,3,1
136,0,2020-04-21 07:28:00+00:00,448,2,1
82,0,2020-04-21 07:44:00+00:00,448,1,1
80,79;545,2020-04-21 08:20:00+00:00,504,3,2
79,80;545,2020-04-21 08:37:00+00:00,504,2,2
79,0,2020-04-21 08:38:00+00:00,446,2,1
79,0;35,2020-04-21 08:43:00+00:00,446,1,2
642,645,2020-04-21 08:43:00+00:00,485,2,1
79,0,2020-04-21 08:46:00+00:00,504,1,1
642,0,2020-04-21 09:04:00+00:00,485,1,1
629,0,2020-04-21 09:34:00+00:00,459,2,1
629,0,2020-04-21 09:34:00+00:00,460,0,1
621,0,2020-04-21 11:00:00+00:00,450,1,1
622,4,2020-04-21 11:06:00+00:00,451,3,1
4,0,2020-04-21 11:07:00+00:00,459,1,1
4,0,2020-04-21 11:16:00+00:00,451,2,1
592,0;593,2020-04-21 11:18:00+00:00,420,1,2
35,0;4,2020-04-21 11:31:00+00:00,451,1,2
662,663,2020-04-21 12:32:00+00:00,504,6,1
0,43,2020-04-21 14:52:49+00:00,461,0,1
0,628,2020-04-21 15:12:29+00:00,459,0,1
0,599,2020-04-21 17:43:21+00:00,458,0,1
0,627,2020-04-21 18:01:06+00:00,457,0,1
0,6;228;558,2020-04-21 19:42:03+00:00,456,0,3
0,6,2020-04-21 20:29:10+00:00,507,0,1
0,4,2020-04-21 20:44:40+00:00,455,0,1
0,79,2020-04-21 21:01:27+00:00,454,0,1
0,3;79;80;82;291;292;293;514;516,2020-04-21 21:18:24+00:00,453,0,9
0,136,2020-04-21 21:39:30+00:00,452,0,1
0,4;35,2020-04-21 22:06:57+00:00,451,0,2
0,8,2020-04-21 22:14:24+00:00,450,0,1
509,0,2020-04-21 23:10:36+00:00,449,0,1
0,136,2020-04-22 00:16:44+00:00,448,0,1
0,136,2020-04-22 00:29:08+00:00,506,0,1
610,4,2020-04-22 03:42:00+00:00,435,1,1
160,0,2020-04-22 03:56:00+00:00,436,1,1
614,0,2020-04-22 05:24:00+00:00,443,1,1
29,0;4,2020-04-22 06:30:00+00:00,444,1,2
647,0,2020-04-22 08:07:00+00:00,486,1,1
612,136,2020-04-22 08:38:00+00:00,438,3,1
136,612,2020-04-22 08:44:00+00:00,438,2,1
611,610,2020-04-22 08:47:00+00:00,435,2,1
612,0,2020-04-22 09:47:00+00:00,438,1,1
609,0,2020-04-22 09:56:00+00:00,434,1,1
0,79,2020-04-22 14:41:09+00:00,446,0,1
0,79,2020-04-22 14:41:51+00:00,504,0,1
0,4,2020-04-22 14:55:57+00:00,515,0,1
0,136,2020-04-22 16:29:19+00:00,445,0,1
510,0,2020-04-23 01:01:00+00:00,425,1,1
608,0,2020-04-23 01:05:00+00:00,433,0,1
0,4;29,2020-04-23 01:40:52+00:00,444,0,2
651,0,2020-04-23 01:48:00+00:00,490,2,1
651,0,2020-04-23 01:48:00+00:00,492,1,1
0,4,2020-04-23 01:50:03+00:00,443,0,1
0,613,2020-04-23 02:11:27+00:00,442,0,1
0,29,2020-04-23 02:16:12+00:00,441,0,1
555,0;136,2020-04-23 05:50:00+00:00,505,1,2
595,0;21;80;136;487;596,2020-04-23 06:01:00+00:00,427,1,6
35,370;440,2020-04-23 07:21:00+00:00,421,0,2
594,0,2020-04-23 08:31:00+00:00,422,1,1
43,0,2020-04-23 09:04:00+00:00,426,0,1
653,0,2020-04-23 10:26:00+00:00,491,1,1
232,45;46;51;52;53;54;55;58;229;231,2020-04-23 10:51:00+00:00,440,1,10
0,43,2020-04-23 11:08:26+00:00,440,0,1
0,4,2020-04-23 11:09:44+00:00,439,0,1
509,0,2020-04-23 11:13:29+00:00,438,0,1
591,0,2020-04-23 11:23:00+00:00,419,1,1
0,77;122,2020-04-23 11:54:41+00:00,437,0,2
0,160,2020-04-23 12:53:24+00:00,436,0,1
0,228,2020-04-23 13:00:55+00:00,435,0,1
0,609,2020-04-23 13:25:22+00:00,434,0,1
0,606,2020-04-23 18:25:56+00:00,432,0,1
0,4,2020-04-23 18:34:36+00:00,431,0,1
0,4,2020-04-23 21:40:33+00:00,429,0,1
0,4,2020-04-23 21:47:13+00:00,428,0,1
509,0,2020-04-23 22:14:31+00:00,427,0,1
0,33;101,2020-04-23 22:36:33+00:00,425,0,2
0,35,2020-04-23 22:37:35+00:00,424,0,1
0,4;34;35;79,2020-04-23 22:47:07+00:00,423,0,4
0,101,2020-04-24 00:35:33+00:00,422,0,1
0,136;555,2020-04-24 01:11:10+00:00,505,0,2
0,592,2020-04-24 01:30:49+00:00,420,0,1
0,35,2020-04-24 01:58:36+00:00,419,0,1
35,370,2020-04-24 03:04:00+00:00,495,1,1
649,0,2020-04-24 04:06:00+00:00,489,1,1
655,0,2020-04-24 04:12:00+00:00,497,1,1
475,656;657,2020-04-24 06:11:00+00:00,498,2,2
475,0,2020-04-24 06:13:00+00:00,498,1,1
291,0;12;80;208;292;293;440;514;515,2020-04-24 07:11:00+00:00,348,2,9
4,0,2020-04-24 07:12:00+00:00,499,1,1
590,0,2020-04-24 10:08:00+00:00,417,1,1
0,161,2020-04-24 10:33:49+00:00,418,0,1
654,0,2020-04-24 12:58:00+00:00,494,1,1
0,4,2020-04-24 14:25:16+00:00,417,0,1
122,0;77,2020-04-25 03:55:00+00:00,482,5,2
0,77;122,2020-04-25 12:53:00+00:00,415,1,2
0,77;122,2020-04-25 12:53:00+00:00,483,0,2
0,136,2020-04-25 17:05:04+00:00,416,0,1
0,122,2020-04-26 01:22:21+00:00,415,0,1
122,136,2020-04-26 01:44:00+00:00,482,2,1
0,136,2020-04-26 02:57:31+00:00,414,0,1
554,0,2020-04-26 05:09:00+00:00,493,1,1
0,4;35,2020-04-26 05:44:00+00:00,490,1,2
136,0,2020-04-26 06:38:00+00:00,482,3,1
648,0,2020-04-26 08:36:00+00:00,488,1,1
0,77,2020-04-26 08:37:00+00:00,482,4,1
658,292,2020-04-26 09:10:00+00:00,501,1,1
638,136,2020-04-26 10:32:00+00:00,481,1,1
136,0,2020-04-26 10:32:00+00:00,482,1,1
567,0,2020-04-26 10:48:00+00:00,403,1,1
637,0,2020-04-26 11:58:00+00:00,480,2,1
554,0,2020-04-26 12:22:00+00:00,493,2,1
489,8,2020-04-26 17:42:12+00:00,413,0,1
0,588,2020-04-26 18:14:04+00:00,412,0,1
0,567,2020-04-26 18:37:57+00:00,403,0,1
0,658,2020-04-26 20:12:51+00:00,501,0,1
0,4;35,2020-04-26 21:00:27+00:00,500,0,2
0,4,2020-04-26 21:05:18+00:00,499,0,1
0,475,2020-04-26 21:06:30+00:00,498,0,1
0,558,2020-04-26 21:11:15+00:00,497,0,1
0,8,2020-04-26 21:12:06+00:00,496,0,1
0,35,2020-04-26 21:14:32+00:00,495,0,1
0,4,2020-04-26 21:17:22+00:00,494,0,1
0,554,2020-04-26 21:36:37+00:00,493,0,1
0,4;35,2020-04-26 21:44:20+00:00,492,0,2
0,653,2020-04-26 21:50:57+00:00,491,0,1
0,4,2020-04-26 23:13:04+00:00,490,0,1
0,35,2020-04-26 23:13:59+00:00,489,0,1
0,648,2020-04-27 00:40:50+00:00,488,0,1
0,101,2020-04-27 00:42:34+00:00,487,0,1
0,647,2020-04-27 00:43:24+00:00,486,0,1
0,82,2020-04-27 00:45:21+00:00,485,0,1
0,639,2020-04-27 00:48:28+00:00,484,0,1
555,0;136,2020-04-27 01:14:00+00:00,391,1,2
0,136,2020-04-27 02:46:32+00:00,482,0,1
0,21;136;638,2020-04-27 02:47:49+00:00,481,0,3
553,0,2020-04-27 04:39:00+00:00,388,1,1
174,0,2020-04-27 05:11:00+00:00,392,1,1
510,0;43,2020-04-27 06:09:00+00:00,345,6,2
510,0;43,2020-04-27 06:09:00+00:00,356,4,2
510,0;43,2020-04-27 06:09:00+00:00,360,2,2
510,0,2020-04-27 06:09:00+00:00,387,1,1
509,0,2020-04-27 06:57:00+00:00,345,5,1
509,0,2020-04-27 06:57:00+00:00,356,3,1
509,0,2020-04-27 06:57:00+00:00,360,1,1
47,0,2020-04-27 07:13:00+00:00,361,2,1
47,0;76;87,2020-04-27 07:13:00+00:00,402,1,3
561,562,2020-04-27 08:04:00+00:00,398,1,1
208,0,2020-04-27 08:05:00+00:00,386,0,1
4,0,2020-04-27 08:20:00+00:00,385,3,1
575,0,2020-04-27 09:04:00+00:00,406,1,1
563,513,2020-04-27 09:18:00+00:00,400,2,1
4,0,2020-04-27 09:30:00+00:00,397,1,1
513,4,2020-04-27 09:51:00+00:00,400,1,1
101,0,2020-04-27 10:05:00+00:00,401,1,1
44,45;50,2020-04-27 10:54:50+00:00,480,1,2
0,43,2020-04-27 11:00:08+00:00,480,0,1
560,0,2020-04-27 12:03:00+00:00,396,1,1
0,47,2020-04-27 12:33:44+00:00,402,0,1
0,101,2020-04-27 14:07:40+00:00,401,0,1
0,4,2020-04-27 14:08:24+00:00,400,0,1
0,4,2020-04-27 14:11:06+00:00,399,0,1
0,101,2020-04-27 14:11:59+00:00,398,0,1
0,575,2020-04-27 14:14:36+00:00,406,0,1
0,4,2020-04-27 14:19:38+00:00,397,0,1
7,8,2020-04-27 16:09:04+00:00,396,0,1
0,292,2020-04-27 21:04:24+00:00,395,0,1
0,160,2020-04-27 21:39:57+00:00,394,0,1
0,6,2020-04-27 21:48:46+00:00,393,0,1
0,174,2020-04-27 21:54:37+00:00,392,0,1
0,136,2020-04-27 21:57:23+00:00,391,0,1
0,554,2020-04-27 21:57:57+00:00,390,0,1
0,4,2020-04-27 22:00:13+00:00,389,0,1
0,8;35,2020-04-27 22:17:19+00:00,388,0,2
509,0,2020-04-27 22:56:59+00:00,387,0,1
0,1,2020-04-28 07:04:00+00:00,385,2,1
1,0,2020-04-28 07:08:00+00:00,385,1,1
275,136;240,2020-04-28 07:26:00+00:00,411,4,2
79,0,2020-04-28 07:29:00+00:00,377,6,1
79,0,2020-04-28 07:29:00+00:00,379,2,1
79,0,2020-04-28 07:29:00+00:00,380,1,1
136,0,2020-04-28 08:08:00+00:00,411,3,1
0,34;35;79;80;82;208,2020-04-28 09:21:00+00:00,377,5,6
80,0,2020-04-28 09:27:00+00:00,378,2,1
80,0,2020-04-28 09:44:00+00:00,379,1,1
80,0,2020-04-28 09:51:00+00:00,378,1,1
35,0;79;80;82;208,2020-04-28 09:57:00+00:00,377,4,5
79,0;34;35;80;82;208,2020-04-28 10:01:00+00:00,377,3,6
79,0;34;35;80;82;208,2020-04-28 10:02:00+00:00,377,2,6
47,0;87,2020-04-28 10:39:00+00:00,361,1,2
79,0;34;35;80;82;208,2020-04-28 10:40:00+00:00,377,1,6
552,0,2020-04-28 10:44:00+00:00,384,1,1
538,539,2020-04-28 11:19:00+00:00,364,0,1
0,1,2020-04-28 11:25:09+00:00,385,0,1
551,0,2020-04-28 11:36:00+00:00,383,1,1
550,0,2020-04-28 12:46:00+00:00,382,1,1
292,8,2020-04-28 14:46:56+00:00,384,0,1
489,8,2020-04-28 15:50:24+00:00,383,0,1
0,4;550,2020-04-28 17:39:34+00:00,382,0,2
0,101,2020-04-29 00:56:02+00:00,381,0,1
0,34;35;79;80;82;208,2020-04-29 01:21:27+00:00,380,0,6
0,80,2020-04-29 01:50:16+00:00,379,0,1
547,0,2020-04-29 01:52:00+00:00,371,1,1
0,80,2020-04-29 01:53:28+00:00,378,0,1
0,34;35;79;80;82;208,2020-04-29 03:08:36+00:00,377,0,6
0,549,2020-04-29 03:09:03+00:00,376,0,1
35,8,2020-04-29 05:03:00+00:00,372,1,1
79,0,2020-04-29 06:43:00+00:00,375,1,1
79,0,2020-04-29 09:16:00+00:00,374,1,1
546,0,2020-04-29 10:21:00+00:00,370,1,1
340,132;219;251;582;583;584,2020-04-29 10:33:00+00:00,411,2,6
582,79;160,2020-04-29 10:38:00+00:00,411,1,2
0,79,2020-04-29 10:45:24+00:00,375,0,1
0,548,2020-04-29 11:02:00+00:00,373,1,1
0,79,2020-04-29 14:18:44+00:00,374,0,1
0,79,2020-04-29 17:39:44+00:00,411,0,1
0,8;35,2020-04-29 22:01:22+00:00,372,0,2
0,101,2020-04-29 22:42:24+00:00,371,0,1
542,0,2020-04-30 01:10:00+00:00,366,0,1
0,101,2020-04-30 01:24:46+00:00,370,0,1
568,569,2020-04-30 03:17:00+00:00,405,2,1
136,578,2020-04-30 05:00:00+00:00,409,3,1
2,0,2020-04-30 05:24:00+00:00,353,1,1
16,524,2020-04-30 05:25:00+00:00,355,2,1
0,31,2020-04-30 05:33:00+00:00,349,4,1
0,31,2020-04-30 05:33:00+00:00,352,4,1
16,15;17;80,2020-04-30 05:53:00+00:00,355,3,3
488,410,2020-04-30 05:58:00+00:00,328,3,1
558,6,2020-04-30 06:34:00+00:00,405,1,1
31,0,2020-04-30 06:37:00+00:00,352,3,1
0,33,2020-04-30 07:58:00+00:00,345,4,1
0,33,2020-04-30 07:58:00+00:00,356,2,1
15,16,2020-04-30 08:12:00+00:00,355,1,1
510,0,2020-04-30 08:13:00+00:00,356,1,1
35,370;440,2020-04-30 08:59:00+00:00,368,1,2
543,0,2020-04-30 09:56:00+00:00,367,1,1
0,67,2020-04-30 10:20:32+00:00,369,0,1
240,136;578,2020-04-30 10:28:00+00:00,409,4,2
240,136;578,2020-04-30 10:28:00+00:00,410,3,2
136,240,2020-04-30 10:55:00+00:00,410,2,1
136,0;77;80,2020-04-30 10:58:00+00:00,410,1,3
541,0,2020-04-30 11:25:00+00:00,365,1,1
536,0,2020-04-30 11:26:00+00:00,362,1,1
536,0,2020-04-30 11:26:00+00:00,363,0,1
33,0,2020-04-30 11:36:00+00:00,345,3,1
0,544,2020-04-30 13:31:50+00:00,368,0,1
0,4,2020-04-30 14:17:43+00:00,367,0,1
0,77;80;136,2020-04-30 15:17:01+00:00,410,0,3
0,541,2020-04-30 22:05:19+00:00,365,0,1
0,536,2020-04-30 22:19:19+00:00,362,0,1
0,47;76;87,2020-04-30 22:35:34+00:00,361,0,3
0,6;228;267;558,2020-04-30 22:37:05+00:00,405,0,4
0,33,2020-04-30 23:58:07+00:00,360,0,1
511,0,2020-05-01 02:25:00+00:00,346,1,1
15,16;17,2020-05-01 02:59:00+00:00,357,1,2
500,0,2020-05-01 03:09:00+00:00,340,3,1
525,0,2020-05-01 04:53:00+00:00,359,0,1
0,31,2020-05-01 06:55:00+00:00,349,3,1
0,31,2020-05-01 06:55:00+00:00,352,2,1
576,279,2020-05-01 07:29:00+00:00,408,2,1
291,0;12;80;208;292;293;440;514;515,2020-05-01 07:40:00+00:00,348,1,9
0,34,2020-05-01 07:44:00+00:00,354,2,1
31,0,2020-05-01 08:04:00+00:00,349,2,1
31,0,2020-05-01 08:04:00+00:00,352,1,1
175,4,2020-05-01 08:38:00+00:00,328,2,1
34,0,2020-05-01 08:56:00+00:00,354,1,1
522,0,2020-05-01 11:23:00+00:00,351,1,1
0,4,2020-05-01 11:38:53+00:00,358,0,1
509,0,2020-05-01 12:10:09+00:00,357,0,1
477,0,2020-05-01 12:13:00+00:00,338,2,1
508,0,2020-05-01 12:13:00+00:00,344,3,1
509,0,2020-05-01 12:25:50+00:00,356,0,1
509,0,2020-05-01 12:26:55+00:00,355,0,1
0,34,2020-05-01 15:28:23+00:00,354,0,1
0,2,2020-05-02 02:04:00+00:00,353,0,1
0,417,2020-05-02 03:18:00+00:00,344,2,1
0,33,2020-05-02 03:39:00+00:00,345,2,1
33,0,2020-05-02 04:10:00+00:00,345,1,1
509,0,2020-05-02 07:24:00+00:00,349,1,1
81,0,2020-05-02 07:24:00+00:00,352,0,1
499,0,2020-05-02 08:23:00+00:00,337,2,1
499,0,2020-05-02 08:23:00+00:00,339,0,1
499,0,2020-05-02 08:23:00+00:00,340,1,1
417,0,2020-05-02 11:04:00+00:00,344,1,1
502,136,2020-05-02 11:22:00+00:00,343,1,1
520,0,2020-05-02 11:47:00+00:00,350,2,1
0,4,2020-05-02 12:08:00+00:00,351,0,1
0,4,2020-05-02 17:57:11+00:00,350,1,1
0,483,2020-05-02 18:00:31+00:00,350,0,1
0,12;80;208;291;292;293;440;514;515,2020-05-02 18:27:23+00:00,348,0,9
0,513,2020-05-02 19:00:06+00:00,347,0,1
0,101,2020-05-02 19:08:58+00:00,346,0,1
0,33,2020-05-02 20:17:31+00:00,345,0,1
80,136,2020-05-03 01:22:00+00:00,409,1,1
123,0,2020-05-03 01:31:00+00:00,341,1,1
489,8,2020-05-03 01:55:00+00:00,338,1,1
497,0,2020-05-03 02:28:00+00:00,337,1,1
491,136,2020-05-03 06:26:00+00:00,330,2,1
491,136,2020-05-03 06:26:00+00:00,332,2,1
279,0,2020-05-03 07:37:00+00:00,404,0,1
136,0;77;80,2020-05-03 08:03:00+00:00,332,1,3
329,496,2020-05-03 09:54:00+00:00,331,2,1
494,136,2020-05-03 10:46:00+00:00,330,4,1
494,136,2020-05-03 10:46:00+00:00,332,4,1
501,0,2020-05-03 10:55:00+00:00,342,1,1
491,136,2020-05-03 12:06:00+00:00,330,3,1
491,136,2020-05-03 12:06:00+00:00,332,3,1
578,136,2020-05-03 12:07:00+00:00,409,2,1
0,417,2020-05-03 12:31:13+00:00,344,0,1
0,136,2020-05-03 14:30:04+00:00,343,0,1
0,501,2020-05-03 17:23:12+00:00,342,0,1
0,80;136,2020-05-03 17:45:26+00:00,409,0,2
0,123,2020-05-03 17:50:45+00:00,341,0,1
292,8,2020-05-03 17:52:37+00:00,340,2,1
0,499,2020-05-03 17:53:55+00:00,340,0,1
0,8,2020-05-03 17:56:39+00:00,338,0,1
0,497;498,2020-05-03 18:34:28+00:00,337,0,2
0,35;111,2020-05-03 20:11:08+00:00,336,0,2
0,35;111,2020-05-03 21:21:04+00:00,335,0,2
0,35;111,2020-05-03 21:28:33+00:00,334,0,2
0,35;111,2020-05-03 21:45:43+00:00,333,0,2
0,77;80;136,2020-05-04 00:50:18+00:00,332,0,3
477,79,2020-05-04 05:10:00+00:00,317,4,1
79,477,2020-05-04 05:31:00+00:00,317,3,1
1,0,2020-05-04 06:20:00+00:00,331,1,1
77,0,2020-05-04 07:07:00+00:00,322,3,1
491,136,2020-05-04 08:15:00+00:00,330,1,1
490,0,2020-05-04 09:21:00+00:00,329,1,1
4,0,2020-05-04 10:04:00+00:00,328,1,1
0,1,2020-05-04 10:53:14+00:00,331,0,1
136,484,2020-05-04 11:18:00+00:00,327,1,1
0,122,2020-05-04 12:28:04+00:00,330,0,1
82,0,2020-05-04 12:32:00+00:00,325,1,1
489,8,2020-05-04 14:00:23+00:00,329,0,1
0,4,2020-05-04 15:28:08+00:00,328,0,1
0,4,2020-05-04 21:05:39+00:00,327,0,1
0,482,2020-05-04 23:52:45+00:00,326,0,1
0,43,2020-05-05 00:36:13+00:00,325,0,1
0,101,2020-05-05 00:37:21+00:00,324,0,1
476,77,2020-05-05 01:23:00+00:00,316,2,1
160,0,2020-05-05 01:52:00+00:00,314,1,1
477,79,2020-05-05 02:32:00+00:00,317,2,1
279,6,2020-05-05 02:49:00+00:00,408,1,1
79,8,2020-05-05 03:06:00+00:00,317,1,1
101,0,2020-05-05 03:37:00+00:00,319,1,1
478,218,2020-05-05 03:42:00+00:00,318,1,1
77,0,2020-05-05 05:04:00+00:00,316,1,1
35,34;66;79;160,2020-05-05 06:16:00+00:00,313,1,4
35,34;66;79;160,2020-05-05 06:16:00+00:00,407,1,4
481,0,2020-05-05 08:04:00+00:00,323,1,1
479,0,2020-05-05 08:39:00+00:00,322,1,1
0,481,2020-05-05 12:06:24+00:00,323,0,1
0,479,2020-05-05 13:00:29+00:00,322,0,1
0,8,2020-05-05 14:43:37+00:00,321,0,1
0,4,2020-05-05 14:47:11+00:00,320,0,1
0,101,2020-05-05 19:48:10+00:00,319,0,1
0,4,2020-05-05 19:49:36+00:00,318,0,1
0,8;79,2020-05-05 20:43:39+00:00,317,0,2
0,77,2020-05-05 21:17:33+00:00,316,0,1
0,279,2020-05-05 21:58:55+00:00,408,0,1
0,33,2020-05-05 22:00:53+00:00,315,0,1
0,160,2020-05-05 22:05:41+00:00,314,0,1
0,34;35;66;79;160,2020-05-05 22:26:27+00:00,313,0,5
0,34;35;66;79;160,2020-05-05 22:26:27+00:00,407,0,5
